Id,revenue
3001,24453993.533333335
3002,5474539.666666667
3003,12995965.7
3004,41048839.0
3005,5137673.066666666
3006,19801331.066666666
3007,4983306.666666667
3008,59101431.13333333
3009,41398860.333333336
3010,330026773.73333335
3011,3300007.933333333
3012,5585648.733333333
3013,53134159.666666664
3014,1489884.8333333333
3015,26947735.333333332
3016,1114130.4
3017,144585945.1
3018,165216286.8
3019,22946130.333333332
3020,764704124.9333333
3021,49509686.333333336
3022,74296312.03333333
3023,2672396.933333333
3024,31187243.133333333
3025,6286303.066666666
3026,121174432.56666666
3027,4373962.433333334
3028,149784271.73333332
3029,11957663.566666666
3030,45185614.3
3031,25143483.4
3032,4545938.2
3033,1001125.5666666667
3034,761677.0
3035,23708936.033333335
3036,28130988.066666666
3037,96400243.63333334
3038,59835653.2
3039,17365643.9
3040,4442035.366666666
3041,34830316.96666667
3042,4070756.1666666665
3043,95252563.56666666
3044,14744935.166666666
3045,396389641.0
3046,7939046.9
3047,30831599.333333332
3048,39167138.4
3049,78623225.43333334
3050,80067724.23333333
3051,4795047.7
3052,36808414.833333336
3053,2592206.966666667
3054,7331375.733333333
3055,76178030.06666666
3056,1401900.0333333334
3057,64105061.5
3058,305621920.1
3059,1354994.9
3060,70559538.33333333
3061,74100934.56666666
3062,69487983.63333334
3063,51559619.56666667
3064,87817864.83333333
3065,39884688.06666667
3066,83829485.66666667
3067,2545249.566666667
3068,82197272.13333334
3069,241772823.5
3070,4450263.466666667
3071,18692284.333333332
3072,459454326.56666666
3073,4673532.3
3074,739471.5666666667
3075,31691404.633333333
3076,218714527.8
3077,56418020.833333336
3078,157083119.2
3079,45554060.233333334
3080,138567540.83333334
3081,42625689.53333333
3082,15528773.2
3083,29748250.433333334
3084,4772749.066666666
3085,32992586.333333332
3086,95938533.96666667
3087,3378485.466666667
3088,6073367.333333333
3089,7470330.933333334
3090,41983214.53333333
3091,27561763.833333332
3092,14816740.966666667
3093,178444803.1
3094,112084279.46666667
3095,52227496.6
3096,4759117.333333333
3097,859244226.0
3098,25828777.133333333
3099,55951205.53333333
3100,14065773.8
3101,21303799.766666666
3102,5191195.0
3103,8600908.0
3104,4924057.333333333
3105,106988338.16666667
3106,67271126.63333334
3107,64214021.63333333
3108,41050972.46666667
3109,16536928.866666667
3110,361020090.8
3111,10120445.666666666
3112,5560093.066666666
3113,36227018.666666664
3114,15451826.233333332
3115,21775065.033333335
3116,16472097.733333332
3117,5114635.933333334
3118,16166176.133333333
3119,183186643.4
3120,108045157.86666666
3121,24672471.466666665
3122,24458306.433333334
3123,43988102.53333333
3124,24744268.866666667
3125,1831053.9333333333
3126,40397746.333333336
3127,16550404.833333334
3128,39692282.833333336
3129,335082328.8333333
3130,14059423.466666667
3131,21328269.766666666
3132,9447453.2
3133,22300137.3
3134,15540441.6
3135,8355639.466666667
3136,12641897.566666666
3137,111533694.26666667
3138,2471259.9
3139,36266872.266666666
3140,139235760.73333332
3141,19555742.933333334
3142,5840485.0
3143,123605082.9
3144,31608539.8
3145,60503147.36666667
3146,12720793.266666668
3147,16492542.4
3148,29517722.8
3149,69808794.4
3150,127337969.2
3151,10269545.566666666
3152,33910633.833333336
3153,7143713.233333333
3154,21156905.766666666
3155,65761031.53333333
3156,44410588.2
3157,30340615.666666668
3158,178553023.96666667
3159,15725012.766666668
3160,19098677.433333334
3161,1199479.5
3162,44479228.2
3163,126682391.93333334
3164,4536017.966666667
3165,3077567.566666667
3166,5071541.633333334
3167,65100433.93333333
3168,3395456.8666666667
3169,37354253.43333333
3170,73449563.46666667
3171,57885306.9
3172,30951189.3
3173,730226.2
3174,4729275.733333333
3175,20850187.4
3176,51296428.2
3177,94829898.06666666
3178,11378909.3
3179,9637284.4
3180,14423676.733333332
3181,5182541.233333333
3182,248653076.13333333
3183,47928960.3
3184,52003538.46666667
3185,58090813.8
3186,73896623.36666666
3187,15011748.133333333
3188,23139664.366666667
3189,116601173.83333333
3190,112486902.9
3191,66698026.0
3192,24142780.666666668
3193,450151640.8
3194,121447943.56666666
3195,3835058.6
3196,18433754.7
3197,94013168.36666666
3198,232074995.86666667
3199,289275213.93333334
3200,15464762.366666667
3201,47621041.9
3202,9955437.133333333
3203,1086345.7333333334
3204,10844032.266666668
3205,11666085.633333333
3206,21732424.0
3207,55260864.0
3208,23202120.6
3209,5891191.9
3210,525842073.3333333
3211,2425470.7666666666
3212,41039519.5
3213,158212943.66666666
3214,14877844.466666667
3215,6692631.766666667
3216,26338601.433333334
3217,355703137.4
3218,29697179.633333333
3219,3823144.466666667
3220,279051432.0
3221,25254769.966666665
3222,3930573.7333333334
3223,34628879.03333333
3224,6228376.166666667
3225,10243259.5
3226,11467622.1
3227,63722996.56666667
3228,315775484.4
3229,172299361.03333333
3230,74871789.56666666
3231,54707223.2
3232,29159038.6
3233,16097254.333333334
3234,21349878.933333334
3235,56319722.46666667
3236,2149172.2333333334
3237,46358942.266666666
3238,11439308.0
3239,5241946.0
3240,368293399.3333333
3241,5350876.066666666
3242,5093776.566666666
3243,10742048.433333334
3244,3090699.1666666665
3245,32762416.033333335
3246,39153118.833333336
3247,14495377.033333333
3248,85281108.26666667
3249,38249426.3
3250,208828332.56666666
3251,5433967.033333333
3252,19897826.1
3253,84175379.66666667
3254,5341983.433333334
3255,1162643.8333333333
3256,47813460.1
3257,45705270.96666667
3258,43397721.833333336
3259,36773785.03333333
3260,10478570.733333332
3261,434282459.8
3262,38165416.266666666
3263,17460474.833333332
3264,2495508.6333333333
3265,491119.8
3266,263847.86666666664
3267,20174128.866666667
3268,758557.4
3269,70965200.56666666
3270,81589337.93333334
3271,4282195.0
3272,33081566.566666666
3273,37197005.03333333
3274,394509538.43333334
3275,49088382.833333336
3276,7090218.766666667
3277,37774617.13333333
3278,129921664.06666666
3279,44932564.06666667
3280,328289893.76666665
3281,2680146.2333333334
3282,8905992.0
3283,314123794.73333335
3284,45456354.36666667
3285,64838148.9
3286,10778353.1
3287,24339220.9
3288,40013843.36666667
3289,88874716.2
3290,91053804.96666667
3291,78735485.2
3292,419251590.53333336
3293,85843173.73333333
3294,7734629.266666667
3295,22879495.1
3296,6528840.733333333
3297,16425309.933333334
3298,54809580.0
3299,8885957.533333333
3300,37877603.93333333
3301,4476119.9
3302,25248337.133333333
3303,16786162.4
3304,16788107.3
3305,62218651.53333333
3306,2646751.7333333334
3307,58608824.7
3308,18001693.533333335
3309,8953449.033333333
3310,5664505.066666666
3311,16403751.566666666
3312,33294872.866666667
3313,58902741.3
3314,27979030.9
3315,88526340.16666667
3316,39854922.86666667
3317,7559153.666666667
3318,9321101.966666667
3319,6759113.2
3320,25517015.8
3321,12582725.2
3322,34421669.733333334
3323,112491665.63333334
3324,27443771.6
3325,87723648.9
3326,233198840.63333333
3327,97752380.6
3328,44597289.833333336
3329,20449971.933333334
3330,138753063.56666666
3331,16661357.133333333
3332,30912937.066666666
3333,161379030.03333333
3334,9649815.6
3335,52336462.5
3336,65175963.03333333
3337,971982.5333333333
3338,23773638.066666666
3339,3478945.4
3340,121021987.8
3341,16623221.433333334
3342,68811777.73333333
3343,54444868.53333333
3344,2268602.066666667
3345,27567842.9
3346,44042493.9
3347,281453.6666666667
3348,28646090.933333334
3349,76911811.23333333
3350,274066174.7
3351,36617628.56666667
3352,13171071.5
3353,95917219.0
3354,32283755.933333334
3355,4764529.2
3356,23521669.666666668
3357,1767784.6333333333
3358,20078248.0
3359,55783815.46666667
3360,16367218.866666667
3361,135149434.56666666
3362,17183248.666666668
3363,14001065.333333334
3364,17153669.366666667
3365,5784034.4
3366,85516419.26666667
3367,114777510.63333334
3368,3966864.7
3369,46424020.333333336
3370,118432131.46666667
3371,44855200.833333336
3372,47220086.4
3373,65757403.63333333
3374,15795205.1
3375,117966926.7
3376,22773419.566666666
3377,12697608.233333332
3378,14210656.466666667
3379,240455737.56666666
3380,45228083.06666667
3381,13248156.433333334
3382,2065435.5
3383,6463922.633333334
3384,55946681.56666667
3385,127916735.63333334
3386,10047563.8
3387,22995239.866666667
3388,139208393.4
3389,1090314668.6
3390,12395517.666666666
3391,16268599.966666667
3392,15478536.666666666
3393,34417278.0
3394,107929805.63333334
3395,134238368.96666667
3396,13655968.8
3397,1085071.6333333333
3398,262051048.63333333
3399,104835608.33333333
3400,23829426.266666666
3401,5811381.966666667
3402,4490625.3
3403,175079893.7
3404,31171115.833333332
3405,31795889.0
3406,193315076.43333334
3407,271558986.53333336
3408,29569416.133333333
3409,6874611.433333334
3410,61528408.86666667
3411,52320173.733333334
3412,35243871.733333334
3413,24669288.9
3414,6219932.066666666
3415,28479373.866666667
3416,168047914.4
3417,74264072.53333333
3418,40829913.3
3419,309711224.23333335
3420,5689370.033333333
3421,30864371.733333334
3422,16038780.033333333
3423,426728826.23333335
3424,15989329.866666667
3425,5032155.6
3426,65941993.86666667
3427,29809119.0
3428,3099977.1333333333
3429,28415315.4
3430,536596254.6333333
3431,2863238.6666666665
3432,16156826.166666666
3433,27854424.4
3434,42728859.13333333
3435,474041748.8
3436,131875025.5
3437,4581904.333333333
3438,26043381.366666667
3439,110800119.3
3440,70888522.23333333
3441,78762009.43333334
3442,18505522.566666666
3443,10583504.4
3444,4082036.7333333334
3445,60420632.93333333
3446,1675022.1
3447,11571432.2
3448,30370422.1
3449,22248868.733333334
3450,60064040.06666667
3451,50115785.46666667
3452,53342478.43333333
3453,52726297.2
3454,45342725.7
3455,13494096.733333332
3456,115913125.0
3457,82765999.4
3458,15177414.366666667
3459,715360829.3666667
3460,51134388.43333333
3461,60293429.7
3462,22219538.433333334
3463,34883208.96666667
3464,3221840.8
3465,25551410.8
3466,54498301.63333333
3467,25955738.066666666
3468,98664527.83333333
3469,13347127.833333334
3470,1525797.4666666666
3471,45253696.333333336
3472,2502297.7
3473,58476926.43333333
3474,155461723.3
3475,240881825.53333333
3476,32172919.8
3477,53834794.93333333
3478,2257582.066666667
3479,345597066.73333335
3480,12107963.7
3481,27249353.266666666
3482,6197898.433333334
3483,8266164.366666666
3484,3084130.1
3485,101427805.63333334
3486,96507169.6
3487,103090212.7
3488,171470644.53333333
3489,8912059.733333332
3490,59403188.333333336
3491,10952480.133333333
3492,24453110.8
3493,23609266.3
3494,60196522.93333333
3495,120989742.13333334
3496,12461867.933333334
3497,57074986.9
3498,110485191.7
3499,46065897.6
3500,11961659.633333333
3501,76467500.4
3502,66528336.36666667
3503,34843107.3
3504,80006875.13333334
3505,9572739.8
3506,130181125.03333333
3507,204245151.13333333
3508,16553455.9
3509,18686193.766666666
3510,45905898.13333333
3511,46249853.5
3512,134425542.3
3513,27898899.9
3514,37133066.166666664
3515,26439683.133333333
3516,51937824.333333336
3517,597839209.2333333
3518,61637451.333333336
3519,20789686.333333332
3520,1744055.4666666666
3521,3392360.2
3522,15693785.766666668
3523,21118246.966666665
3524,54768736.333333336
3525,125686033.26666667
3526,81120787.56666666
3527,31978224.166666668
3528,11995730.533333333
3529,491021945.8666667
3530,70049577.9
3531,66528241.56666667
3532,72238227.36666666
3533,44976998.8
3534,29605292.4
3535,172314696.86666667
3536,18639529.4
3537,102910191.53333333
3538,81462698.06666666
3539,65042141.7
3540,22968885.233333334
3541,65039094.7
3542,91935318.03333333
3543,2589628.2333333334
3544,59662387.1
3545,5595878.733333333
3546,39890045.766666666
3547,177660528.53333333
3548,337996502.4
3549,4050015.933333333
3550,270402298.3666667
3551,129383118.76666667
3552,106234981.33333333
3553,85081281.73333333
3554,156648342.16666666
3555,171209541.06666666
3556,71155166.7
3557,27331846.666666668
3558,264935746.36666667
3559,88363041.13333334
3560,5039037.4
3561,90475380.56666666
3562,27721519.066666666
3563,43548122.8
3564,17333587.333333332
3565,16124587.3
3566,151235836.9
3567,46154629.9
3568,17127248.733333334
3569,117867517.13333334
3570,2899184.433333333
3571,57425883.8
3572,180566621.03333333
3573,7344520.8
3574,93382137.9
3575,22381346.833333332
3576,29106047.233333334
3577,27046787.533333335
3578,105961965.0
3579,37914693.333333336
3580,33145289.433333334
3581,29909680.233333334
3582,177338612.16666666
3583,3875458.2
3584,73578523.86666666
3585,47685349.733333334
3586,24616447.866666667
3587,18123609.366666667
3588,4763993.133333334
3589,37699380.86666667
3590,26548256.2
3591,510755010.3
3592,32551677.933333334
3593,3100266.6333333333
3594,20549156.766666666
3595,49125986.36666667
3596,47690490.333333336
3597,3639977.8
3598,59547671.833333336
3599,62211712.233333334
3600,9954998.533333333
3601,2840476.6
3602,12910971.8
3603,21376637.966666665
3604,5422776.466666667
3605,92525392.8
3606,10951352.2
3607,68239332.46666667
3608,128591281.63333334
3609,16298764.566666666
3610,41649160.56666667
3611,2307858.8
3612,9407949.366666667
3613,17681793.466666665
3614,71109161.5
3615,49193243.7
3616,26452126.166666668
3617,13116631.466666667
3618,135092844.03333333
3619,2046464.2
3620,94115316.26666667
3621,226106900.73333332
3622,295521671.46666664
3623,89059053.43333334
3624,1195472.3
3625,5004652.2
3626,31539117.033333335
3627,77740103.06666666
3628,457519969.73333335
3629,9022324.433333334
3630,5778336.966666667
3631,165548678.06666666
3632,35696666.13333333
3633,74653136.76666667
3634,2867101.066666667
3635,21462172.0
3636,72705653.96666667
3637,3734053.433333333
3638,22912202.933333334
3639,114134062.33333333
3640,183004175.23333332
3641,8195752.933333334
3642,12963159.133333333
3643,11033442.0
3644,11676323.533333333
3645,23661690.5
3646,36003257.666666664
3647,47273737.766666666
3648,10228135.466666667
3649,34463319.93333333
3650,52261624.96666667
3651,562500404.5666667
3652,14305444.6
3653,217002028.56666666
3654,30195280.166666668
3655,67022459.96666667
3656,42770311.4
3657,12105153.733333332
3658,3400749.466666667
3659,91939223.03333333
3660,201060771.93333334
3661,20944175.733333334
3662,47854598.166666664
3663,488657637.53333336
3664,2963207.533333333
3665,13039314.433333334
3666,18847694.133333333
3667,104324913.43333334
3668,65862889.06666667
3669,13161467.466666667
3670,85181002.3
3671,32918059.9
3672,14577211.066666666
3673,164767620.16666666
3674,18377553.233333334
3675,267865783.0
3676,179277465.56666666
3677,40231796.5
3678,25667323.566666666
3679,33588927.06666667
3680,16687236.166666666
3681,23254328.766666666
3682,147511128.46666667
3683,3420143.3
3684,64691175.9
3685,89180319.1
3686,36272696.2
3687,121759135.4
3688,4544334.633333334
3689,4732818.966666667
3690,91038758.26666667
3691,12245177.533333333
3692,2403043.533333333
3693,156374383.33333334
3694,155298046.56666666
3695,75800118.26666667
3696,26834987.033333335
3697,49475897.4
3698,54302622.3
3699,32349201.733333334
3700,42767211.0
3701,57098570.3
3702,116160.23333333334
3703,112313275.83333333
3704,45884182.166666664
3705,16521667.933333334
3706,115870223.43333334
3707,4735699.033333333
3708,19287256.1
3709,227110548.6
3710,28341296.033333335
3711,4147140.6
3712,91182166.16666667
3713,16856416.066666666
3714,5396186.9
3715,38372098.266666666
3716,9485771.666666666
3717,3571655.4
3718,10682027.666666666
3719,38576324.63333333
3720,10269282.9
3721,1917238.1333333333
3722,37757258.5
3723,4112249.2333333334
3724,24385806.733333334
3725,46122264.166666664
3726,14731294.966666667
3727,80695732.73333333
3728,126832983.4
3729,16810641.2
3730,173923300.6
3731,116022343.93333334
3732,10712735.7
3733,241442004.93333334
3734,243472819.46666667
3735,59470679.1
3736,15870046.8
3737,40377257.53333333
3738,856497.8
3739,8346372.566666666
3740,50934356.43333333
3741,11184811.8
3742,83199751.36666666
3743,61197110.36666667
3744,178516708.73333332
3745,71446208.46666667
3746,252114827.36666667
3747,1649517.9
3748,13538259.766666668
3749,17335256.8
3750,2079227.4333333333
3751,18852559.166666668
3752,11154906.366666667
3753,29087373.1
3754,37672801.766666666
3755,100180197.06666666
3756,18182331.1
3757,323402620.93333334
3758,119048661.13333334
3759,7487295.466666667
3760,205485923.63333333
3761,93116112.26666667
3762,224401523.1
3763,37175352.5
3764,52381736.96666667
3765,8159346.166666667
3766,16168134.1
3767,24322326.533333335
3768,14695708.333333334
3769,2019793.6333333333
3770,34678634.06666667
3771,47495812.766666666
3772,17513931.966666665
3773,34143336.233333334
3774,8215272.7
3775,173615505.36666667
3776,75924456.53333333
3777,3529761.066666667
3778,1939958.8333333333
3779,41043755.1
3780,6383526.266666667
3781,43082933.1
3782,2348017.8666666667
3783,47478598.06666667
3784,27868070.066666666
3785,412682326.5
3786,27547995.866666667
3787,159743365.46666667
3788,555631267.9666667
3789,18390173.8
3790,2251213.5
3791,11462936.3
3792,3796910.1666666665
3793,4687716.533333333
3794,9452732.766666668
3795,417458246.0
3796,19219355.366666667
3797,14039902.5
3798,37438236.4
3799,13377533.3
3800,6105011.733333333
3801,97738784.03333333
3802,8435069.766666668
3803,17852057.8
3804,6025587.133333334
3805,559725.3
3806,106076722.46666667
3807,10301586.033333333
3808,3138118.8
3809,40902759.3
3810,33420559.966666665
3811,19820859.533333335
3812,9033656.333333334
3813,4680498.766666667
3814,9698530.466666667
3815,153034911.46666667
3816,139658874.76666668
3817,278490710.3666667
3818,81524031.16666667
3819,61049031.166666664
3820,85056171.8
3821,51403386.0
3822,23744379.0
3823,34561416.6
3824,23469602.166666668
3825,13103802.133333333
3826,109823598.26666667
3827,74145456.23333333
3828,10352097.0
3829,182666.83333333334
3830,40932050.1
3831,1370230.0666666667
3832,205982353.8
3833,44607344.06666667
3834,8998923.166666666
3835,8269313.4
3836,4269919.3
3837,39253187.5
3838,146244915.13333333
3839,9623834.2
3840,32721858.066666666
3841,16910866.166666668
3842,41166050.3
3843,50257524.766666666
3844,6356505.266666667
3845,1948298.3666666667
3846,4563479.066666666
3847,5166001.9
3848,12551256.433333334
3849,105409706.63333334
3850,27482961.8
3851,74654614.53333333
3852,10299627.433333334
3853,157305762.36666667
3854,1581964.1
3855,4109338.2
3856,34867581.766666666
3857,494633249.0
3858,3590975.6333333333
3859,25627138.8
3860,55614049.86666667
3861,60042146.36666667
3862,41311231.2
3863,74074133.86666666
3864,184965742.26666668
3865,124782417.9
3866,7004476.666666667
3867,73345565.6
3868,30045502.233333334
3869,68827541.2
3870,96822748.6
3871,511166634.3333333
3872,32582233.7
3873,32854793.766666666
3874,18000366.433333334
3875,99770390.46666667
3876,6803977.966666667
3877,48565389.13333333
3878,167351297.13333333
3879,379347559.3666667
3880,12881143.666666666
3881,267733.23333333334
3882,11693278.266666668
3883,8920961.2
3884,233547699.53333333
3885,18620201.6
3886,36929182.4
3887,18338684.166666668
3888,8294768.833333333
3889,74020632.7
3890,98862587.23333333
3891,19948223.666666668
3892,16201078.366666667
3893,512320168.43333334
3894,69800005.46666667
3895,28021902.9
3896,61376825.86666667
3897,25041432.1
3898,27198991.5
3899,692946795.5333333
3900,102680283.0
3901,20962720.333333332
3902,1525601.0333333334
3903,41713072.666666664
3904,8865704.3
3905,31285646.6
3906,87402555.6
3907,7364976.633333334
3908,18523469.466666665
3909,7208969.933333334
3910,36375079.666666664
3911,2974475.1
3912,8084775.733333333
3913,98449206.63333334
3914,34326271.56666667
3915,386029620.3
3916,570521.1
3917,10810841.533333333
3918,13771625.133333333
3919,86432488.33333333
3920,35783971.43333333
3921,1534781.8333333333
3922,22728490.366666667
3923,56732450.9
3924,34292493.0
3925,221192098.4
3926,10347825.533333333
3927,63285346.2
3928,124509023.83333333
3929,51419541.833333336
3930,12485522.8
3931,29245046.633333333
3932,31134175.033333335
3933,27540375.766666666
3934,40266379.6
3935,3214431.0
3936,33580654.96666667
3937,201619278.06666666
3938,27835034.533333335
3939,46589127.46666667
3940,13461386.266666668
3941,46200480.36666667
3942,261828492.96666667
3943,763347640.5
3944,9437042.566666666
3945,41881590.43333333
3946,5148605.9
3947,82121906.46666667
3948,28988826.8
3949,16293401.533333333
3950,10582308.333333334
3951,8199199.166666667
3952,72645326.3
3953,71242433.43333334
3954,462693149.1333333
3955,14538082.966666667
3956,101895843.86666666
3957,21191905.166666668
3958,8062252.133333334
3959,7120669.066666666
3960,3581935.3666666667
3961,41692067.4
3962,30084393.966666665
3963,21227212.266666666
3964,798584315.5333333
3965,67228226.36666666
3966,34409221.166666664
3967,318672404.56666666
3968,39318889.233333334
3969,3361131.8333333335
3970,68898302.76666667
3971,15633741.533333333
3972,29927310.466666665
3973,48728337.06666667
3974,7768575.366666666
3975,198793910.93333334
3976,77230604.56666666
3977,83867431.0
3978,210299298.83333334
3979,10318972.666666666
3980,2210765.5
3981,4560092.5
3982,8683735.666666666
3983,32561956.833333332
3984,239262706.53333333
3985,15775449.666666666
3986,1072434354.8
3987,42362733.833333336
3988,22292152.2
3989,42522556.833333336
3990,35813286.86666667
3991,6492728.3
3992,4624699.7
3993,15429403.733333332
3994,68902989.73333333
3995,92074910.5
3996,85153388.46666667
3997,32069906.633333333
3998,119053715.43333334
3999,12577713.9
4000,29442208.833333332
4001,51919326.733333334
4002,223202459.13333333
4003,1965864.1
4004,59363650.56666667
4005,679803.7666666667
4006,14961429.6
4007,4249237.6
4008,5381292.5
4009,29395575.233333334
4010,3119300.8
4011,22273728.4
4012,125385032.96666667
4013,124741022.9
4014,20513596.066666666
4015,68496783.33333333
4016,44856569.733333334
4017,22836948.333333332
4018,69709264.56666666
4019,230828253.13333333
4020,16549965.433333334
4021,140160445.9
4022,60349943.5
4023,178965389.6
4024,50225048.06666667
4025,7998133.866666666
4026,114148075.43333334
4027,78782984.86666666
4028,5039984.466666667
4029,520998.2
4030,43718467.5
4031,169046063.4
4032,11390444.966666667
4033,4820469.633333334
4034,8619177.533333333
4035,61208041.96666667
4036,1349621.6
4037,33543526.966666665
4038,12784805.9
4039,7659470.366666666
4040,7950014.933333334
4041,9318849.633333333
4042,88787185.96666667
4043,8917315.8
4044,83801534.5
4045,254226438.93333334
4046,20044606.766666666
4047,349743560.46666664
4048,18592117.633333333
4049,4092181.2333333334
4050,9768305.8
4051,434215742.46666664
4052,27092595.3
4053,31298564.5
4054,7054448.1
4055,17050218.2
4056,7020375.933333334
4057,12389625.0
4058,48330062.733333334
4059,6847770.666666667
4060,81395385.86666666
4061,169943726.13333333
4062,51152809.93333333
4063,41055427.93333333
4064,522212385.3
4065,102092341.36666666
4066,16422450.5
4067,36413652.86666667
4068,12186776.833333334
4069,25606171.0
4070,68530583.63333334
4071,14600058.833333334
4072,13068468.066666666
4073,157413086.83333334
4074,3993676.433333333
4075,27130661.5
4076,73765141.7
4077,267856015.73333332
4078,16208646.933333334
4079,76716075.53333333
4080,4687987.7
4081,6153542.8
4082,190961317.93333334
4083,50055270.833333336
4084,1618715.3
4085,189946442.5
4086,157388268.33333334
4087,12142706.1
4088,33462247.933333334
4089,42317604.13333333
4090,4974432.533333333
4091,53864881.13333333
4092,43155767.4
4093,27850134.233333334
4094,24788843.4
4095,151314905.63333333
4096,24746299.666666668
4097,81792660.06666666
4098,17154052.566666666
4099,4733167.8
4100,121328706.83333333
4101,45775083.333333336
4102,18953663.666666668
4103,74424923.83333333
4104,14573639.4
4105,1649319.0
4106,19455420.633333333
4107,4962482.366666666
4108,68624647.16666667
4109,3940992.1
4110,24011325.833333332
4111,10447476.433333334
4112,98147828.26666667
4113,15488073.133333333
4114,189513200.06666666
4115,12090061.833333334
4116,42598811.63333333
4117,14729996.766666668
4118,37170510.46666667
4119,79187727.6
4120,12509589.833333334
4121,9039379.5
4122,121858566.76666667
4123,8196734.733333333
4124,59283271.06666667
4125,17612263.266666666
4126,21119314.133333333
4127,8917749.7
4128,33596270.266666666
4129,10985500.6
4130,14136443.1
4131,144711642.3
4132,94756172.06666666
4133,27766139.533333335
4134,18294006.3
4135,21453292.933333334
4136,378681025.1333333
4137,6322306.533333333
4138,41468671.86666667
4139,25690052.633333333
4140,3558010.7333333334
4141,24086533.066666666
4142,60969884.13333333
4143,68013296.5
4144,10828031.1
4145,45256854.8
4146,15639824.0
4147,4368259.9
4148,64911866.96666667
4149,10124341.5
4150,5793002.666666667
4151,3339778.9
4152,63472380.333333336
4153,45823730.233333334
4154,4425285.033333333
4155,15005192.166666666
4156,14114327.066666666
4157,14384611.466666667
4158,38350182.266666666
4159,57131030.333333336
4160,323757869.96666664
4161,13972444.0
4162,27905902.766666666
4163,174290974.06666666
4164,31677168.0
4165,4191098.433333333
4166,7980165.833333333
4167,85008940.43333334
4168,7045016.566666666
4169,21404474.766666666
4170,18279716.566666666
4171,195401496.7
4172,53536098.733333334
4173,10623056.3
4174,16428663.166666666
4175,7853428.333333333
4176,20413787.266666666
4177,697109.1666666666
4178,428151850.06666666
4179,11750839.733333332
4180,100936256.86666666
4181,39743524.0
4182,9835552.033333333
4183,133348789.26666667
4184,25495028.4
4185,16081874.266666668
4186,29312223.766666666
4187,36566950.46666667
4188,20416898.766666666
4189,3255491.2333333334
4190,605160.4
4191,12637524.333333334
4192,286229.3
4193,187472171.26666668
4194,81795725.53333333
4195,17820997.133333333
4196,18821475.2
4197,21866733.9
4198,3010998.5
4199,11456030.8
4200,80513343.76666667
4201,92301068.26666667
4202,55871896.06666667
4203,16758806.133333333
4204,72743666.36666666
4205,8202194.9
4206,23150039.733333334
4207,366635300.1
4208,594382672.7333333
4209,77258318.53333333
4210,76164834.63333334
4211,60996645.13333333
4212,352853811.03333336
4213,5437328.533333333
4214,20532990.766666666
4215,11792988.8
4216,4855033.9
4217,20912711.1
4218,91683591.4
4219,23799547.466666665
4220,17350562.133333333
4221,1667948.1
4222,16962210.433333334
4223,82914361.16666667
4224,19446481.533333335
4225,50711554.166666664
4226,83137981.33333333
4227,49468658.166666664
4228,5947518.466666667
4229,103092307.16666667
4230,36643622.36666667
4231,14234610.166666666
4232,16713017.033333333
4233,104470441.93333334
4234,93981650.8
4235,6178577.1
4236,5077292.933333334
4237,14927998.266666668
4238,40249402.46666667
4239,171144880.7
4240,281906237.1333333
4241,258016656.3
4242,44474660.43333333
4243,2088412.4666666666
4244,32591914.7
4245,19450019.133333333
4246,8886853.9
4247,53508620.7
4248,17134368.533333335
4249,46545283.06666667
4250,18243049.733333334
4251,39797123.43333333
4252,163248656.46666667
4253,92085984.66666667
4254,64365053.333333336
4255,57111220.13333333
4256,198788250.23333332
4257,131111213.83333333
4258,37029343.96666667
4259,2832633.566666667
4260,217033818.23333332
4261,37325854.36666667
4262,4337894.033333333
4263,15510855.333333334
4264,512109164.7
4265,29017967.266666666
4266,31118165.233333334
4267,24439339.1
4268,14032278.766666668
4269,9722446.1
4270,406092443.3666667
4271,47095651.36666667
4272,2434174.466666667
4273,32408620.633333333
4274,47194451.0
4275,28626514.1
4276,17155620.933333334
4277,66543735.96666667
4278,15339829.366666667
4279,98868826.96666667
4280,2328084.466666667
4281,5540633.966666667
4282,53548765.96666667
4283,2662810.933333333
4284,24264606.0
4285,1689341.0666666667
4286,439418956.7
4287,30484082.2
4288,48281780.7
4289,72757795.76666667
4290,74864790.23333333
4291,11129091.966666667
4292,9573595.133333333
4293,58091687.96666667
4294,109313515.76666667
4295,168934372.2
4296,86039539.4
4297,70041346.4
4298,5259246.133333334
4299,18272917.833333332
4300,44692122.233333334
4301,6575621.3
4302,18106271.5
4303,20059535.866666667
4304,32669363.6
4305,90765722.63333334
4306,20271088.333333332
4307,698390.6
4308,3577198.7666666666
4309,67306837.2
4310,4968373.733333333
4311,5940486.6
4312,88531683.53333333
4313,278529880.7
4314,17531898.633333333
4315,305077818.23333335
4316,228398199.73333332
4317,18857936.533333335
4318,31375797.033333335
4319,277690.4
4320,14689856.133333333
4321,50073109.86666667
4322,8311121.633333334
4323,17562978.533333335
4324,54789697.6
4325,6403988.766666667
4326,23594005.333333332
4327,117124592.36666666
4328,31332802.0
4329,7120041.4
4330,521115598.93333334
4331,46668196.166666664
4332,84122020.26666667
4333,11952075.1
4334,81300883.03333333
4335,102277167.66666667
4336,71025582.9
4337,2870900.1
4338,161343765.2
4339,142353761.06666666
4340,22233772.233333334
4341,26141976.633333333
4342,33933818.4
4343,40096781.233333334
4344,5357034.5
4345,34896028.06666667
4346,65144513.733333334
4347,68480321.33333333
4348,3301160.033333333
4349,200414348.73333332
4350,31630047.866666667
4351,211608000.4
4352,6189922.3
4353,213346663.5
4354,29349687.433333334
4355,25569619.566666666
4356,8461576.266666668
4357,141700324.43333334
4358,24459859.066666666
4359,102039050.56666666
4360,63846158.03333333
4361,74983193.7
4362,22579879.933333334
4363,93287068.33333333
4364,72568478.0
4365,9978883.5
4366,39711261.233333334
4367,52585760.03333333
4368,91652341.26666667
4369,14128763.033333333
4370,111632907.16666667
4371,50875161.4
4372,35173576.0
4373,22181289.666666668
4374,42703625.7
4375,8005181.033333333
4376,1286406.2666666666
4377,30935393.066666666
4378,76716863.46666667
4379,114888955.46666667
4380,72370518.3
4381,86856641.5
4382,432688469.5
4383,194077813.13333333
4384,43698749.3
4385,3891191.4
4386,175983956.06666666
4387,142459115.2
4388,82214847.66666667
4389,259333365.23333332
4390,18642134.1
4391,1248741.7666666666
4392,107815252.23333333
4393,206946491.8
4394,23786170.866666667
4395,12997462.666666666
4396,61697009.766666666
4397,65989279.56666667
4398,169316854.43333334
4399,5764217.733333333
4400,10927404.466666667
4401,24245907.2
4402,23436876.2
4403,24421709.066666666
4404,32511671.3
4405,57595775.86666667
4406,4683947.733333333
4407,3243803.3333333335
4408,7139026.566666666
4409,4585136.3
4410,18919019.133333333
4411,23764804.066666666
4412,66033022.06666667
4413,119788576.8
4414,4868903.9
4415,12627355.1
4416,1866856.9333333333
4417,266709829.96666667
4418,2256843.433333333
4419,50928521.4
4420,530317366.53333336
4421,5560125.866666666
4422,27828611.033333335
4423,8703924.6
4424,4778451.666666667
4425,42149062.9
4426,144725797.16666666
4427,80964018.7
4428,4350497.833333333
4429,3585783.3666666667
4430,495466.3333333333
4431,10368233.133333333
4432,139409338.7
4433,233178109.2
4434,331790965.5
4435,16127711.533333333
4436,95935360.26666667
4437,9664942.2
4438,7782960.666666667
4439,14612663.633333333
4440,4285915.766666667
4441,70536463.2
4442,2124981.6666666665
4443,2461008.6666666665
4444,34437047.5
4445,8415809.333333334
4446,7729613.966666667
4447,138057413.73333332
4448,54042576.1
4449,6961488.933333334
4450,167375847.13333333
4451,396371095.03333336
4452,46529046.93333333
4453,12945862.2
4454,3248019.6
4455,27846163.5
4456,101263867.76666667
4457,18856423.433333334
4458,21942605.2
4459,56528493.333333336
4460,35582972.9
4461,111033229.46666667
4462,98516718.9
4463,9606434.9
4464,37480589.56666667
4465,21372512.066666666
4466,3079935.6
4467,18830188.7
4468,7915031.966666667
4469,57766518.666666664
4470,26268033.1
4471,813906.7
4472,136565288.5
4473,42040480.766666666
4474,11300918.1
4475,25307984.533333335
4476,14816453.333333334
4477,36260541.3
4478,5610404.866666666
4479,10995555.166666666
4480,80030204.8
4481,14509256.633333333
4482,11733697.133333333
4483,10759941.5
4484,21874526.2
4485,55733125.8
4486,65673881.166666664
4487,16823453.2
4488,62846922.266666666
4489,33751495.4
4490,4429917.9
4491,165552753.8
4492,17352105.6
4493,11231950.6
4494,14894049.9
4495,23530506.133333333
4496,54793619.2
4497,10721560.3
4498,36658697.7
4499,6882579.1
4500,133060294.73333333
4501,90431066.36666666
4502,21756292.866666667
4503,447615246.96666664
4504,13326050.033333333
4505,3337674.8
4506,99885787.86666666
4507,5653067.766666667
4508,4480060.1
4509,5534154.866666666
4510,12176412.933333334
4511,133635915.13333334
4512,7257886.366666666
4513,67376008.16666667
4514,7617301.166666667
4515,254730870.66666666
4516,11605911.366666667
4517,18470229.9
4518,236008454.33333334
4519,169550887.43333334
4520,23397905.533333335
4521,28072012.5
4522,62204180.733333334
4523,63823557.93333333
4524,6948204.3
4525,30369827.233333334
4526,10970847.966666667
4527,71560969.1
4528,17551717.366666667
4529,9267257.533333333
4530,17787027.933333334
4531,20339092.166666668
4532,12607664.866666667
4533,53217821.13333333
4534,4654439.466666667
4535,92746168.23333333
4536,16503212.7
4537,5021978.7
4538,35505485.166666664
4539,1595420.8666666667
4540,95572546.0
4541,19233053.1
4542,69153105.26666667
4543,56782759.13333333
4544,13123350.233333332
4545,8584635.033333333
4546,754800.8666666667
4547,4885017.766666667
4548,46506933.166666664
4549,5446121.266666667
4550,4384210.233333333
4551,787639982.8333334
4552,142166794.6
4553,17469808.433333334
4554,468012772.53333336
4555,1346941.4333333333
4556,56289948.03333333
4557,14097476.066666666
4558,31534302.466666665
4559,48628988.96666667
4560,73224445.23333333
4561,83319995.63333334
4562,5716881.4
4563,222471620.13333333
4564,3256196.3333333335
4565,2494379.3333333335
4566,25993476.833333332
4567,63273612.56666667
4568,17221069.5
4569,42098068.9
4570,33754831.06666667
4571,28312537.233333334
4572,48804259.06666667
4573,57530158.1
4574,4357626.533333333
4575,6616050.766666667
4576,15730060.166666666
4577,22945834.733333334
4578,37929562.5
4579,27065310.766666666
4580,116786169.1
4581,11320228.0
4582,56407044.03333333
4583,132896539.76666667
4584,31313729.9
4585,142330609.43333334
4586,17401425.7
4587,7515346.633333334
4588,215406977.83333334
4589,16684305.566666666
4590,935083289.5
4591,54450171.7
4592,16030278.966666667
4593,6677612.533333333
4594,25845795.766666666
4595,501176280.96666664
4596,418174537.9
4597,40013231.4
4598,102649742.9
4599,26400628.7
4600,3658043.466666667
4601,69469592.53333333
4602,31558247.733333334
4603,26801002.833333332
4604,36846049.233333334
4605,195559601.6
4606,212544898.73333332
4607,31421172.133333333
4608,36000706.9
4609,35142461.86666667
4610,152552135.13333333
4611,108956090.03333333
4612,11425729.233333332
4613,23045946.833333332
4614,41273805.266666666
4615,9092921.633333333
4616,1975159.0333333334
4617,77839892.0
4618,10044865.766666668
4619,14168163.6
4620,30207254.3
4621,293850600.1666667
4622,20381695.033333335
4623,16883191.4
4624,4678620.6
4625,20320601.5
4626,16499132.233333332
4627,28684730.2
4628,2242292.566666667
4629,6641068.466666667
4630,20782662.133333333
4631,20080176.4
4632,12838059.0
4633,4081216.5
4634,5395559.7
4635,1325132.3
4636,100052877.5
4637,2826897.033333333
4638,20393704.133333333
4639,3804959.066666667
4640,76033234.63333334
4641,17534826.933333334
4642,42174709.166666664
4643,79167875.76666667
4644,9086506.533333333
4645,5834135.4
4646,920305092.3666667
4647,2090890.1
4648,6954285.466666667
4649,100307402.63333334
4650,100420736.8
4651,56503735.06666667
4652,559993510.3333334
4653,1921021.6333333333
4654,49766797.733333334
4655,62078257.2
4656,10822201.166666666
4657,35891411.96666667
4658,27153124.133333333
4659,17253615.166666668
4660,20457577.933333334
4661,24511873.666666668
4662,13336789.366666667
4663,27527942.433333334
4664,19178595.4
4665,42001500.06666667
4666,24754531.3
4667,366924217.53333336
4668,3927965.2666666666
4669,22965637.033333335
4670,38982114.63333333
4671,16780790.133333333
4672,2583798.1666666665
4673,22348051.666666668
4674,8025304.033333333
4675,19252569.966666665
4676,7101263.0
4677,823992.9666666667
4678,11319545.766666668
4679,696475.7666666667
4680,12575255.6
4681,36937176.9
4682,12581674.366666667
4683,5997224.066666666
4684,13572619.833333334
4685,44678015.9
4686,6416772.566666666
4687,17344469.333333332
4688,67755722.06666666
4689,15490660.166666666
4690,35608339.4
4691,55049906.1
4692,15001117.1
4693,18008289.066666666
4694,15381230.066666666
4695,35405349.63333333
4696,35979842.43333333
4697,58955063.56666667
4698,4348318.366666666
4699,45779003.333333336
4700,154444889.33333334
4701,187342079.8
4702,24122041.533333335
4703,64975475.7
4704,84975862.1
4705,42011618.666666664
4706,81796104.3
4707,11902018.766666668
4708,16007330.3
4709,3456851.966666667
4710,241497784.1
4711,12976067.933333334
4712,2221625.8333333335
4713,356823342.3666667
4714,14927526.233333332
4715,1023848.7666666667
4716,2833932.933333333
4717,35652859.333333336
4718,40465515.4
4719,134890440.86666667
4720,15420588.166666666
4721,10799900.433333334
4722,60435035.233333334
4723,8058964.2
4724,157915208.16666666
4725,26888178.866666667
4726,9017278.8
4727,52838571.833333336
4728,28916919.4
4729,97045671.9
4730,1238277.9
4731,118901655.56666666
4732,387082832.26666665
4733,2016617.1333333333
4734,258815771.13333333
4735,46236094.63333333
4736,30326629.333333332
4737,91120270.36666666
4738,1691606.2666666666
4739,66395271.43333333
4740,451028491.93333334
4741,8714749.066666666
4742,171722868.46666667
4743,9163852.3
4744,3596877.4
4745,406704852.26666665
4746,66060105.56666667
4747,26350619.233333334
4748,152061605.36666667
4749,9015303.4
4750,21772195.166666668
4751,62827416.13333333
4752,12837000.133333333
4753,12247469.4
4754,655353160.4
4755,27677723.366666667
4756,76558607.7
4757,150947139.93333334
4758,76845496.63333334
4759,325808999.6
4760,6163406.8
4761,29657440.9
4762,8135452.233333333
4763,5275400.066666666
4764,443357542.3666667
4765,19339609.266666666
4766,129522796.16666667
4767,35138917.733333334
4768,89090124.63333334
4769,24457243.166666668
4770,62085386.1
4771,126120943.56666666
4772,13964808.766666668
4773,25272669.166666668
4774,18416032.6
4775,6232556.4
4776,9571484.7
4777,167713555.83333334
4778,50322529.3
4779,95460923.56666666
4780,310182763.3666667
4781,3457098.6333333333
4782,56394729.46666667
4783,12145829.7
4784,28712112.166666668
4785,49312621.06666667
4786,57998172.46666667
4787,100784371.8
4788,116732795.6
4789,13205343.4
4790,75437697.46666667
4791,26203931.5
4792,26020836.0
4793,42328893.9
4794,9189551.966666667
4795,18195039.266666666
4796,12929786.133333333
4797,728204237.4
4798,70802146.83333333
4799,16693316.366666667
4800,48569819.63333333
4801,2290330.5
4802,41324338.266666666
4803,7285042.533333333
4804,7857353.2
4805,7146642.633333334
4806,6798951.0
4807,1526511.1666666667
4808,7016974.666666667
4809,145339996.46666667
4810,1276146.9
4811,2090092.3333333333
4812,131332307.16666667
4813,94862242.76666667
4814,5770129.5
4815,28898678.666666668
4816,32782752.266666666
4817,12180290.766666668
4818,44688889.5
4819,31868314.666666668
4820,71312618.1
4821,8079627.933333334
4822,7449188.6
4823,11060828.166666666
4824,52427709.7
4825,110096721.36666666
4826,33320373.133333333
4827,93374672.53333333
4828,22739502.3
4829,65030302.6
4830,27308432.7
4831,77312971.0
4832,17555953.833333332
4833,10177113.766666668
4834,18826856.3
4835,151501682.2
4836,12972112.433333334
4837,274600306.6666667
4838,83240759.36666666
4839,633084.8666666667
4840,531820457.26666665
4841,777439.7666666667
4842,75459203.23333333
4843,80919356.26666667
4844,7282737.966666667
4845,21751219.5
4846,9717930.0
4847,528699316.43333334
4848,50275821.03333333
4849,298823166.56666666
4850,37216448.36666667
4851,700104.2
4852,35125832.36666667
4853,87500996.03333333
4854,30035749.466666665
4855,61944383.3
4856,10876510.466666667
4857,67935723.0
4858,51492368.36666667
4859,13828006.333333334
4860,348771557.3666667
4861,98205430.6
4862,185298006.03333333
4863,158285652.5
4864,65241925.5
4865,25448042.033333335
4866,15605386.666666666
4867,115516957.0
4868,5733123.0
4869,1953028.3
4870,37318705.13333333
4871,29340290.3
4872,21379400.2
4873,14716761.0
4874,121528927.06666666
4875,19473402.066666666
4876,66744291.86666667
4877,53604040.86666667
4878,18692560.166666668
4879,58746856.86666667
4880,8979689.533333333
4881,15395098.166666666
4882,12728476.1
4883,118334882.6
4884,123634000.7
4885,46257511.96666667
4886,46284659.06666667
4887,14980859.933333334
4888,28736549.9
4889,4413306.233333333
4890,219512835.23333332
4891,4207007.5
4892,15678806.066666666
4893,117497116.53333333
4894,9339753.933333334
4895,22526080.833333332
4896,106029873.53333333
4897,6007254.0
4898,151094379.5
4899,256967693.86666667
4900,196642902.46666667
4901,96721011.03333333
4902,6601684.333333333
4903,14224872.966666667
4904,202444787.4
4905,30938086.3
4906,754824.7
4907,766840499.9333333
4908,24552232.466666665
4909,69808046.4
4910,64641629.93333333
4911,41377237.13333333
4912,147362649.96666667
4913,15721675.066666666
4914,51935315.53333333
4915,110700475.9
4916,14628959.933333334
4917,11816825.033333333
4918,198684506.06666666
4919,47089726.43333333
4920,45407078.36666667
4921,99711654.93333334
4922,27856893.5
4923,31690082.233333334
4924,109529555.73333333
4925,121771920.4
4926,9346271.066666666
4927,43288944.8
4928,33429463.1
4929,46950294.9
4930,24688989.066666666
4931,53064806.333333336
4932,3856732.533333333
4933,129874538.06666666
4934,9064507.566666666
4935,561379969.2333333
4936,33820318.43333333
4937,2042914.7
4938,18305707.866666667
4939,2846445.466666667
4940,27362677.1
4941,70268125.1
4942,5099381.566666666
4943,171836119.86666667
4944,150665338.33333334
4945,2484119.566666667
4946,12524168.233333332
4947,2257135.033333333
4948,6116897.166666667
4949,29497825.6
4950,63702180.266666666
4951,32775230.833333332
4952,33631258.7
4953,120624152.23333333
4954,57419894.333333336
4955,12785525.433333334
4956,15017737.4
4957,32943707.566666666
4958,43024604.5
4959,35628372.833333336
4960,11308578.733333332
4961,114658627.2
4962,4140772.6333333333
4963,39394966.46666667
4964,29734922.666666668
4965,15594675.266666668
4966,11741893.333333334
4967,50887049.833333336
4968,27927061.833333332
4969,785805.5333333333
4970,4955690.9
4971,100346901.4
4972,39463219.93333333
4973,13442750.666666666
4974,103663992.2
4975,18314077.866666667
4976,13562155.633333333
4977,73080914.23333333
4978,5198539.5
4979,16301674.666666666
4980,18856105.6
4981,12483448.033333333
4982,87754065.3
4983,4758448.066666666
4984,92571103.33333333
4985,359062458.43333334
4986,3380344.6
4987,6390409.2
4988,2904723.2666666666
4989,35846129.266666666
4990,19881996.7
4991,27603320.366666667
4992,158181721.9
4993,8645002.6
4994,72510789.76666667
4995,1655034.4666666666
4996,35872636.9
4997,94095337.4
4998,26925118.633333333
4999,73208896.86666666
5000,157815626.43333334
5001,366396779.56666666
5002,321123085.6666667
5003,45340830.46666667
5004,26230727.933333334
5005,34954983.333333336
5006,287439441.96666664
5007,51390505.733333334
5008,381042064.4
5009,28245021.966666665
5010,3946885.5
5011,26983113.866666667
5012,59130667.0
5013,46264715.13333333
5014,71552923.16666667
5015,23351021.366666667
5016,85353491.06666666
5017,28279692.366666667
5018,71532386.8
5019,66027375.833333336
5020,11192917.733333332
5021,1037846.0
5022,43341852.4
5023,16277300.166666666
5024,109485049.46666667
5025,14227196.033333333
5026,108800178.16666667
5027,44473910.233333334
5028,102943116.0
5029,73183502.03333333
5030,45712426.266666666
5031,4618585.7
5032,138090606.6
5033,14642699.266666668
5034,11449980.833333334
5035,3482760.1666666665
5036,17788679.133333333
5037,34776723.9
5038,413731159.6333333
5039,7865365.533333333
5040,87734095.86666666
5041,38487593.3
5042,25329999.0
5043,45085771.06666667
5044,464322599.8666667
5045,9311560.4
5046,7754395.666666667
5047,902525.1666666666
5048,3311841.9
5049,116225647.46666667
5050,2786477.7666666666
5051,251308377.96666667
5052,159192346.9
5053,16969165.2
5054,48998861.0
5055,45572020.733333334
5056,25472842.566666666
5057,43140876.56666667
5058,14506983.966666667
5059,50397735.9
5060,112295773.63333334
5061,56009907.333333336
5062,1539812.0333333334
5063,273274.4
5064,80127621.46666667
5065,7705120.266666667
5066,39212286.166666664
5067,52203640.766666666
5068,22697509.266666666
5069,99508329.83333333
5070,75581077.7
5071,54814532.63333333
5072,126981017.4
5073,11150854.566666666
5074,22211976.033333335
5075,45633644.0
5076,28234139.8
5077,148913518.46666667
5078,12983220.466666667
5079,9789634.033333333
5080,80667312.03333333
5081,81311740.9
5082,12154234.733333332
5083,21051348.7
5084,17842830.533333335
5085,1370844.8
5086,29639010.433333334
5087,3342139.8333333335
5088,10210591.5
5089,25980108.033333335
5090,21434462.533333335
5091,41094828.7
5092,38161480.06666667
5093,30659383.666666668
5094,94306125.06666666
5095,143779073.63333333
5096,40612650.9
5097,8242640.366666666
5098,16078727.233333332
5099,24171400.333333332
5100,11876934.666666666
5101,2317670.8
5102,10704779.0
5103,6085738.6
5104,65129491.53333333
5105,9061312.833333334
5106,12772216.133333333
5107,13676075.9
5108,21471565.2
5109,366296.63333333336
5110,67978625.6
5111,64314282.53333333
5112,32338122.4
5113,721490.4333333333
5114,19839437.633333333
5115,17436716.6
5116,13785778.8
5117,263558161.1
5118,32401900.666666668
5119,26479806.4
5120,2758226.1666666665
5121,84249924.03333333
5122,28479132.7
5123,16555317.366666667
5124,3999164.6333333333
5125,22951228.833333332
5126,90646340.63333334
5127,141359414.33333334
5128,1905145.9333333333
5129,4343476.533333333
5130,32997190.233333334
5131,60430529.2
5132,56317937.46666667
5133,152916035.76666668
5134,128933197.0
5135,150540997.5
5136,19013300.833333332
5137,84932966.4
5138,21563542.166666668
5139,155380408.9
5140,261728666.76666668
5141,44262381.96666667
5142,154497989.8
5143,239831613.86666667
5144,75227970.66666667
5145,30564697.633333333
5146,6801670.033333333
5147,10607455.366666667
5148,46992129.63333333
5149,23466219.5
5150,440904431.6333333
5151,344656619.03333336
5152,84262936.5
5153,15628105.7
5154,37911117.233333334
5155,3090226.933333333
5156,590292534.4333333
5157,28909338.233333334
5158,7145605.0
5159,98603539.76666667
5160,20799963.5
5161,15381379.633333333
5162,104617439.33333333
5163,129107388.1
5164,4687982.4
5165,93142399.23333333
5166,154858338.5
5167,5860258.2
5168,22589467.0
5169,19706205.266666666
5170,53847819.43333333
5171,99626726.13333334
5172,4102222.1666666665
5173,87753409.26666667
5174,111157386.93333334
5175,5166763.833333333
5176,42847496.03333333
5177,329872658.3333333
5178,556603930.8666667
5179,3606313.433333333
5180,33159172.033333335
5181,4179436.533333333
5182,56693203.36666667
5183,2374645.6
5184,26725858.233333334
5185,19722011.233333334
5186,8208891.566666666
5187,6588434.5
5188,28780176.9
5189,38752663.7
5190,258751400.6
5191,55478486.4
5192,81021850.93333334
5193,80097127.63333334
5194,73222105.83333333
5195,236166741.0
5196,47047721.733333334
5197,214456005.53333333
5198,59034793.666666664
5199,24317300.233333334
5200,13454643.666666666
5201,40797846.1
5202,4084705.8
5203,2418357.033333333
5204,1230282.8666666667
5205,7785129.633333334
5206,34472558.666666664
5207,8007223.4
5208,92184616.7
5209,76230191.96666667
5210,34378771.166666664
5211,5984564.066666666
5212,32363884.366666667
5213,77475818.0
5214,173663.26666666666
5215,13542543.266666668
5216,62892316.333333336
5217,17080339.166666668
5218,26791098.6
5219,68558432.06666666
5220,41334832.766666666
5221,4663816.6
5222,15344763.733333332
5223,261772827.13333333
5224,2235551.033333333
5225,6710640.766666667
5226,83919680.16666667
5227,2989566.3
5228,20155335.366666667
5229,96922943.23333333
5230,50840924.233333334
5231,4423921.4
5232,917471.4
5233,10701278.866666667
5234,87580227.13333334
5235,38931387.5
5236,139216041.9
5237,193731069.0
5238,30713853.066666666
5239,67201996.6
5240,218327114.23333332
5241,71244197.56666666
5242,36435407.9
5243,3459041.033333333
5244,98405341.96666667
5245,5614395.066666666
5246,30805090.233333334
5247,91253506.6
5248,26622667.533333335
5249,75180164.9
5250,164572351.33333334
5251,14097454.5
5252,1528782.8333333333
5253,2787632.566666667
5254,18079380.866666667
5255,100881916.03333333
5256,62418881.2
5257,9319022.1
5258,7710890.566666666
5259,68655655.46666667
5260,4055406.2666666666
5261,44105938.8
5262,22627045.9
5263,24114891.8
5264,6513762.6
5265,32592991.366666667
5266,73350107.23333333
5267,9296741.333333334
5268,23183628.0
5269,91211954.03333333
5270,58295440.56666667
5271,18086615.7
5272,68639452.4
5273,1519874.5333333334
5274,70233199.76666667
5275,12669213.3
5276,46223742.7
5277,5065027.166666667
5278,24088129.7
5279,38745544.46666667
5280,21326789.466666665
5281,26902164.933333334
5282,37842336.03333333
5283,17683191.4
5284,37001866.766666666
5285,83580512.5
5286,19974827.366666667
5287,6187006.566666666
5288,13166389.733333332
5289,255320115.46666667
5290,180908862.0
5291,691707488.1666666
5292,316212912.56666666
5293,188021100.23333332
5294,19313837.533333335
5295,598791599.2333333
5296,11093016.466666667
5297,98109111.03333333
5298,90484876.03333333
5299,10097026.8
5300,10968652.333333334
5301,62364999.2
5302,93393945.83333333
5303,3703461.466666667
5304,27158710.233333334
5305,5290921.533333333
5306,101602669.16666667
5307,200226679.0
5308,2050839.0
5309,1196760.9
5310,100565153.53333333
5311,9262368.666666666
5312,161315678.3
5313,415789057.26666665
5314,39209302.2
5315,4533838.433333334
5316,16154871.0
5317,16150609.433333334
5318,20041810.933333334
5319,41624278.36666667
5320,44001201.96666667
5321,56200013.63333333
5322,1854739.6
5323,127249759.86666666
5324,24004072.233333334
5325,5792631.2
5326,38702405.56666667
5327,109444828.7
5328,21024460.166666668
5329,11727466.4
5330,133850735.66666667
5331,8240772.533333333
5332,2781643.4
5333,54139679.8
5334,21425200.433333334
5335,15111712.4
5336,19386814.433333334
5337,1813975.5666666667
5338,39657286.9
5339,23732839.7
5340,9829878.766666668
5341,140113010.36666667
5342,178391761.9
5343,40894139.7
5344,125340567.3
5345,4059133.1333333333
5346,153607354.5
5347,12157430.466666667
5348,44767349.2
5349,22779892.4
5350,4849898.0
5351,140447387.56666666
5352,9399790.633333333
5353,45444852.2
5354,138274757.76666668
5355,78668406.33333333
5356,22675788.433333334
5357,3449806.7333333334
5358,201954658.3
5359,27078085.366666667
5360,125236653.2
5361,9381734.166666666
5362,2992902.533333333
5363,21078340.533333335
5364,4195369.733333333
5365,103530969.16666667
5366,82398724.63333334
5367,133730588.6
5368,25007371.5
5369,386258050.53333336
5370,61007853.766666666
5371,50199840.43333333
5372,593044618.8666667
5373,61992041.766666666
5374,120962605.53333333
5375,141552605.1
5376,145185159.83333334
5377,38700286.03333333
5378,1698179.0333333334
5379,42055029.03333333
5380,35938838.833333336
5381,150526469.16666666
5382,68923804.3
5383,5079718.333333333
5384,296670339.8333333
5385,80665894.13333334
5386,33068089.733333334
5387,7670729.666666667
5388,235455027.16666666
5389,18963147.866666667
5390,13316338.1
5391,94030459.2
5392,6176213.9
5393,11775425.333333334
5394,104954100.43333334
5395,17072258.3
5396,114300493.53333333
5397,11903305.366666667
5398,27820305.5
5399,12341472.133333333
5400,11205971.366666667
5401,91700953.26666667
5402,71596929.8
5403,71141753.8
5404,2821590.2
5405,119835438.26666667
5406,4073362.3666666667
5407,222996027.33333334
5408,522079072.6333333
5409,112483654.13333334
5410,6222327.9
5411,20516577.433333334
5412,1543126.3333333333
5413,8209165.933333334
5414,136185453.2
5415,100337750.66666667
5416,30407763.566666666
5417,152136012.56666666
5418,2361731.3333333335
5419,3886716.6666666665
5420,29749315.533333335
5421,115549158.76666667
5422,143237605.06666666
5423,174707633.46666667
5424,148220468.93333334
5425,34427003.03333333
5426,67204239.7
5427,10603476.866666667
5428,48661175.2
5429,57911989.233333334
5430,104015923.0
5431,26197475.8
5432,207873837.0
5433,30871178.666666668
5434,75229445.3
5435,24711288.966666665
5436,23581759.133333333
5437,54948307.833333336
5438,35722233.86666667
5439,4831363.4
5440,104392469.16666667
5441,12547970.566666666
5442,181569897.03333333
5443,115311439.83333333
5444,32041450.5
5445,29036664.433333334
5446,108139621.4
5447,11288217.566666666
5448,8957244.466666667
5449,95569985.46666667
5450,14801354.033333333
5451,31268223.9
5452,7143412.3
5453,174411000.3
5454,71933232.73333333
5455,86590786.46666667
5456,9405147.733333332
5457,45064529.03333333
5458,4659861.833333333
5459,28154187.066666666
5460,2763108.9
5461,455752.23333333334
5462,2837828.066666667
5463,560627701.4
5464,1356500.9666666666
5465,10480578.266666668
5466,82884122.43333334
5467,58060102.766666666
5468,137323589.23333332
5469,4029737.3
5470,231701760.76666668
5471,132611483.1
5472,70047659.2
5473,31349041.233333334
5474,49253518.43333333
5475,49379807.6
5476,17449173.633333333
5477,6838705.5
5478,179048595.1
5479,78807186.16666667
5480,17587192.733333334
5481,8361040.9
5482,156442404.93333334
5483,23641232.366666667
5484,131608463.06666666
5485,6820460.733333333
5486,23403000.766666666
5487,583623627.6333333
5488,56395622.3
5489,49784789.86666667
5490,33628548.266666666
5491,79523389.8
5492,40421572.4
5493,24525166.8
5494,1231806.4
5495,37607825.63333333
5496,16107998.933333334
5497,57766158.733333334
5498,2178495.0
5499,96656364.0
5500,73895305.46666667
5501,11300280.9
5502,3630490.2666666666
5503,35000190.5
5504,44902110.266666666
5505,19340882.066666666
5506,221435824.36666667
5507,77339634.73333333
5508,107187465.86666666
5509,148652793.73333332
5510,12293159.166666666
5511,20542334.9
5512,102241070.06666666
5513,1910127.5
5514,23475857.466666665
5515,7267788.866666666
5516,9549362.133333333
5517,260455890.7
5518,49969466.56666667
5519,224689147.56666666
5520,3315278.9
5521,44408326.333333336
5522,829349.9666666667
5523,384789718.53333336
5524,401640793.43333334
5525,48456762.06666667
5526,16143792.566666666
5527,22041883.0
5528,69852984.46666667
5529,11791329.233333332
5530,331211691.93333334
5531,2693052.7333333334
5532,29293076.833333332
5533,92993608.36666666
5534,343158291.6666667
5535,15936502.033333333
5536,16732355.233333332
5537,14993964.0
5538,36312618.5
5539,198774805.56666666
5540,44466566.9
5541,187259403.06666666
5542,3126146.8666666667
5543,14198185.566666666
5544,109650341.53333333
5545,3211523.6333333333
5546,15468804.6
5547,24713342.3
5548,54069531.766666666
5549,59512923.93333333
5550,61857650.2
5551,17033335.8
5552,100466827.93333334
5553,44452080.8
5554,19686900.333333332
5555,44754615.13333333
5556,9199582.066666666
5557,5943356.033333333
5558,717296416.2666667
5559,7573237.066666666
5560,8181886.3
5561,50800819.733333334
5562,68565273.56666666
5563,1629624.0333333334
5564,4406489.4
5565,41643119.233333334
5566,13527141.466666667
5567,43241730.6
5568,40390443.166666664
5569,69930923.93333334
5570,18140791.1
5571,95890543.1
5572,1031363.1666666666
5573,165009257.0
5574,17419472.366666667
5575,198600156.23333332
5576,79598034.7
5577,36133589.43333333
5578,9128748.3
5579,16640741.266666668
5580,11788295.166666666
5581,27894124.133333333
5582,33062255.666666668
5583,61117655.733333334
5584,40272725.333333336
5585,14840444.5
5586,8095249.8
5587,19425450.233333334
5588,227804665.7
5589,100232072.33333333
5590,4947221.866666666
5591,26558182.4
5592,13109450.833333334
5593,24510013.933333334
5594,6871959.566666666
5595,39142313.833333336
5596,171188731.83333334
5597,10077091.9
5598,24479116.633333333
5599,27019630.966666665
5600,10384211.0
5601,28674792.966666665
5602,106411434.8
5603,21384960.033333335
5604,114630888.5
5605,218693739.73333332
5606,107231809.06666666
5607,114996123.76666667
5608,83313850.66666667
5609,12679685.666666666
5610,30657214.233333334
5611,41662297.8
5612,383868881.93333334
5613,40882802.43333333
5614,20651252.766666666
5615,97933728.26666667
5616,8894627.833333334
5617,177895907.66666666
5618,52280800.5
5619,86598446.3
5620,16047813.0
5621,53393409.5
5622,34086215.0
5623,33034978.833333332
5624,503443649.53333336
5625,5546668.666666667
5626,8157393.4
5627,118566751.26666667
5628,28373195.666666668
5629,183072738.86666667
5630,34096751.3
5631,65598217.0
5632,84997910.16666667
5633,67619118.13333334
5634,27259970.1
5635,100001192.2
5636,2899839.033333333
5637,8492961.933333334
5638,101660844.4
5639,9963726.1
5640,5089315.533333333
5641,72154948.43333334
5642,34447461.63333333
5643,8928989.066666666
5644,595278631.4333333
5645,167742752.53333333
5646,20215416.466666665
5647,9904416.233333332
5648,66048847.3
5649,1986522.5333333334
5650,126254965.93333334
5651,42021694.266666666
5652,3601288.2333333334
5653,108907480.7
5654,88971669.06666666
5655,71969062.73333333
5656,787290704.8666667
5657,20048065.2
5658,12869638.4
5659,131695479.76666667
5660,87698736.43333334
5661,16151262.366666667
5662,469253490.73333335
5663,17344580.0
5664,14239494.433333334
5665,85905314.2
5666,17340505.133333333
5667,66818209.833333336
5668,6474903.666666667
5669,12308053.866666667
5670,400156243.56666666
5671,89713153.06666666
5672,22674849.066666666
5673,121766594.9
5674,26495708.166666668
5675,10692813.633333333
5676,2931779.6666666665
5677,95470309.6
5678,87025089.7
5679,2465463.4
5680,42316247.166666664
5681,714828936.0
5682,2364765.6333333333
5683,524225752.56666666
5684,63867634.666666664
5685,80199378.3
5686,3255587.066666667
5687,84715567.4
5688,35750777.766666666
5689,47398259.43333333
5690,15254421.066666666
5691,120778777.23333333
5692,530594332.1666667
5693,64560640.8
5694,91759880.33333333
5695,5107933.233333333
5696,57899263.0
5697,1423567.1
5698,17412119.866666667
5699,2367537.6
5700,50351935.333333336
5701,15857286.366666667
5702,25499841.8
5703,56652691.5
5704,128228887.5
5705,12151899.066666666
5706,3755192.9
5707,87075598.86666666
5708,35045507.56666667
5709,85178412.3
5710,7727428.633333334
5711,37352861.63333333
5712,103612912.13333334
5713,29692387.633333333
5714,17166941.266666666
5715,19735275.866666667
5716,2875820.1666666665
5717,18212931.633333333
5718,20391886.933333334
5719,59957758.86666667
5720,18776043.6
5721,91402584.06666666
5722,3038953.9
5723,81469595.83333333
5724,4782675.9
5725,2079598.6
5726,101332250.06666666
5727,154625586.13333333
5728,29095483.1
5729,211600547.43333334
5730,11995548.4
5731,1292520.5666666667
5732,17759493.066666666
5733,9606850.966666667
5734,23031740.666666668
5735,7933069.766666667
5736,60343467.1
5737,43842312.5
5738,72411926.96666667
5739,21882960.266666666
5740,30636836.833333332
5741,76165475.26666667
5742,90054859.06666666
5743,31056555.166666668
5744,1278542.5666666667
5745,5811403.633333334
5746,21168803.966666665
5747,3107277.4
5748,57049333.36666667
5749,112887967.3
5750,73513815.73333333
5751,47522451.46666667
5752,6515189.2
5753,311434337.9
5754,20673475.066666666
5755,107997528.36666666
5756,22648696.666666668
5757,18701659.233333334
5758,331734.5
5759,23297061.2
5760,2571708.933333333
5761,10614750.033333333
5762,242390693.6
5763,118403229.53333333
5764,21531120.966666665
5765,80591427.43333334
5766,58051627.46666667
5767,36823822.03333333
5768,51420546.3
5769,363974730.8333333
5770,13686560.066666666
5771,52991256.2
5772,128207721.4
5773,248670083.96666667
5774,54876050.06666667
5775,92035073.43333334
5776,12467456.5
5777,161714879.5
5778,118525475.23333333
5779,126233216.43333334
5780,3258818.7333333334
5781,116625265.1
5782,135112401.16666666
5783,164931525.96666667
5784,10436319.533333333
5785,102300441.2
5786,55124797.733333334
5787,129081044.93333334
5788,9411531.133333333
5789,50569605.06666667
5790,51989467.6
5791,96018695.36666666
5792,20715533.666666668
5793,32167335.0
5794,55752604.86666667
5795,77735820.63333334
5796,23544054.8
5797,53874131.9
5798,2553093.4
5799,248180160.83333334
5800,1088298.2333333334
5801,21786405.3
5802,3060025.7666666666
5803,2083447.2666666666
5804,354380501.1333333
5805,20196150.8
5806,13947960.033333333
5807,100320554.83333333
5808,63148688.233333334
5809,24944554.266666666
5810,458540.8333333333
5811,9374485.733333332
5812,104884660.8
5813,127494880.73333333
5814,8411037.666666666
5815,30362192.666666668
5816,18155547.333333332
5817,14930879.2
5818,18181666.033333335
5819,61275247.5
5820,26583339.733333334
5821,1803393.3666666667
5822,903036.2666666667
5823,91119843.26666667
5824,73234632.7
5825,20762482.8
5826,13824746.166666666
5827,19687894.433333334
5828,337821385.73333335
5829,82721172.16666667
5830,36998158.733333334
5831,112157652.26666667
5832,56339094.56666667
5833,43752837.36666667
5834,29117838.266666666
5835,786897.0333333333
5836,67951454.43333334
5837,53462496.4
5838,4386106.433333334
5839,94522357.06666666
5840,5277965.8
5841,82412831.46666667
5842,45999657.6
5843,35734501.666666664
5844,4900409.3
5845,10282720.066666666
5846,7409272.966666667
5847,85069203.36666666
5848,42135268.266666666
5849,18474255.133333333
5850,48946688.03333333
5851,10566044.066666666
5852,17267297.3
5853,44352281.03333333
5854,41019534.733333334
5855,128784546.66666667
5856,32544515.533333335
5857,485685293.2
5858,10329683.566666666
5859,29189742.166666668
5860,171159304.56666666
5861,8218560.833333333
5862,33329532.533333335
5863,88631901.73333333
5864,524252882.1
5865,20908448.466666665
5866,20325947.566666666
5867,27206366.933333334
5868,49385151.53333333
5869,18180262.766666666
5870,4780034.5
5871,36160672.766666666
5872,133640250.26666667
5873,47074432.96666667
5874,2938739.066666667
5875,68568364.2
5876,68008023.43333334
5877,3544605.9
5878,109547760.93333334
5879,42300721.03333333
5880,114475764.73333333
5881,111028796.9
5882,316020428.9
5883,12211985.833333334
5884,34795672.766666666
5885,2584085.466666667
5886,27878378.0
5887,9710592.6
5888,47117691.63333333
5889,10934691.666666666
5890,74827478.86666666
5891,61220428.166666664
5892,48133697.3
5893,6873150.466666667
5894,69258123.36666666
5895,24758060.4
5896,77501542.06666666
5897,2188261.2333333334
5898,52215176.4
5899,8141969.7
5900,23565640.766666666
5901,1625054.0333333334
5902,39795922.86666667
5903,97789117.1
5904,51199493.56666667
5905,58045607.8
5906,63929524.5
5907,8282823.633333334
5908,53983637.8
5909,43658772.53333333
5910,45260739.733333334
5911,10803274.3
5912,247915026.8
5913,44799953.1
5914,29569971.433333334
5915,8855792.8
5916,75476930.4
5917,192137705.2
5918,87314471.23333333
5919,84364366.73333333
5920,5556991.066666666
5921,28931056.366666667
5922,16048747.333333334
5923,23808462.233333334
5924,24902958.366666667
5925,364109876.43333334
5926,12146201.0
5927,7860598.833333333
5928,95168119.33333333
5929,3903447.2666666666
5930,45404257.3
5931,61713555.166666664
5932,4730588.833333333
5933,45374208.96666667
5934,92012203.13333334
5935,228228048.6
5936,58468764.96666667
5937,6034333.0
5938,11087815.433333334
5939,89841885.0
5940,87592647.93333334
5941,25241480.633333333
5942,73194195.66666667
5943,14595458.9
5944,34045108.53333333
5945,21764399.466666665
5946,3477718.433333333
5947,1143418.0333333334
5948,192383269.2
5949,10689041.166666666
5950,173432287.53333333
5951,40334883.2
5952,19098624.9
5953,237012766.63333333
5954,18185756.233333334
5955,35478622.4
5956,71460465.6
5957,50887341.13333333
5958,75094797.76666667
5959,21911782.333333332
5960,24022340.7
5961,10173908.5
5962,13004868.266666668
5963,55500577.43333333
5964,95672266.2
5965,41173559.166666664
5966,47908404.46666667
5967,333304791.4
5968,92195761.86666666
5969,59053704.13333333
5970,11300853.6
5971,4693149.133333334
5972,28345515.133333333
5973,122589414.03333333
5974,1735917.4666666666
5975,34460046.6
5976,4385250.9
5977,7701230.066666666
5978,756039248.6666666
5979,7513738.133333334
5980,190516036.4
5981,12709238.233333332
5982,180640871.73333332
5983,1640152.7666666666
5984,75436112.46666667
5985,103447470.1
5986,45593387.333333336
5987,14826282.566666666
5988,49239275.5
5989,3108157.466666667
5990,167667307.56666666
5991,7738124.166666667
5992,40169877.63333333
5993,29197253.2
5994,2519323.433333333
5995,35898757.333333336
5996,33544290.2
5997,26304530.5
5998,282749382.3666667
5999,8658434.566666666
6000,24325157.533333335
6001,29413853.366666667
6002,18217485.433333334
6003,345963469.5
6004,65884266.63333333
6005,3278735.1666666665
6006,18211002.6
6007,21722251.866666667
6008,12962819.633333333
6009,93855086.73333333
6010,77331721.26666667
6011,45004018.56666667
6012,16177742.3
6013,182934168.96666667
6014,40989358.93333333
6015,26910144.433333334
6016,29845488.366666667
6017,18989638.033333335
6018,27584408.433333334
6019,5183412.633333334
6020,7697161.933333334
6021,19943659.4
6022,10942613.5
6023,131237891.56666666
6024,4289493.2
6025,15136516.933333334
6026,119711454.46666667
6027,19751945.7
6028,135638568.33333334
6029,10065651.166666666
6030,284025495.3
6031,102285918.96666667
6032,1491415.5333333334
6033,116235836.93333334
6034,4879315.766666667
6035,319005499.6333333
6036,2599439.066666667
6037,7650243.366666666
6038,500278.76666666666
6039,11823177.5
6040,31285912.966666665
6041,271474813.26666665
6042,1703840.2333333334
6043,79782961.7
6044,4859244.733333333
6045,40522378.46666667
6046,20523066.466666665
6047,44023252.63333333
6048,22744398.633333333
6049,8551692.3
6050,1107772.4
6051,2551242.966666667
6052,38293159.333333336
6053,1201790.3333333333
6054,8804592.6
6055,22479248.2
6056,42612622.6
6057,4513638.4
6058,47149286.36666667
6059,80842324.0
6060,59195880.7
6061,92120961.53333333
6062,53196961.733333334
6063,137255172.96666667
6064,6475752.1
6065,142791626.2
6066,42709800.56666667
6067,100895384.3
6068,624730.6333333333
6069,170147703.23333332
6070,131837937.16666667
6071,8743169.966666667
6072,73662883.93333334
6073,30448787.8
6074,1067124.9333333333
6075,33392317.2
6076,160716927.46666667
6077,8211106.933333334
6078,65739421.06666667
6079,422717031.8333333
6080,3133606.7
6081,3484561.2666666666
6082,6775295.233333333
6083,120965539.43333334
6084,33482788.933333334
6085,37324083.53333333
6086,8138935.633333334
6087,31643558.366666667
6088,14497814.666666666
6089,12650769.966666667
6090,224596690.9
6091,1458884.5333333334
6092,6678320.766666667
6093,31239404.533333335
6094,91053150.7
6095,111623394.3
6096,9592719.533333333
6097,37517315.03333333
6098,16834620.366666667
6099,33770437.666666664
6100,50486642.93333333
6101,186962448.8
6102,90859032.46666667
6103,85516297.66666667
6104,5864092.0
6105,10657244.833333334
6106,10656485.433333334
6107,68907.8
6108,66609851.9
6109,19751211.2
6110,90370449.13333334
6111,4620098.4
6112,1590315.2333333334
6113,19735668.166666668
6114,49683277.03333333
6115,142399905.13333333
6116,2551569.566666667
6117,12458884.333333334
6118,87181010.13333334
6119,92876689.03333333
6120,73130667.76666667
6121,30667701.966666665
6122,113778657.73333333
6123,4380764.566666666
6124,5149189.566666666
6125,9006637.5
6126,12679402.266666668
6127,13674459.166666666
6128,241703308.5
6129,26486259.1
6130,3877061.6333333333
6131,18082936.766666666
6132,2123865.0
6133,19155512.033333335
6134,68816654.36666666
6135,83781219.76666667
6136,501938011.46666664
6137,63041293.63333333
6138,21537460.7
6139,985936358.6666666
6140,6695797.3
6141,70026117.6
6142,8074651.633333334
6143,8032067.733333333
6144,23771501.866666667
6145,25707473.1
6146,32660048.866666667
6147,59354080.3
6148,16151927.633333333
6149,117965090.9
6150,287925867.43333334
6151,63763912.03333333
6152,933825766.4666667
6153,20143380.133333333
6154,1384211.8333333333
6155,116620761.46666667
6156,8472543.3
6157,17996105.633333333
6158,94682262.46666667
6159,43251553.43333333
6160,50417516.13333333
6161,19203451.1
6162,12237364.966666667
6163,6374903.333333333
6164,58733962.46666667
6165,58563958.46666667
6166,27819245.033333335
6167,21593706.433333334
6168,32400508.133333333
6169,99711317.7
6170,7099440.766666667
6171,28482057.733333334
6172,3726174.7
6173,32400583.366666667
6174,76151312.16666667
6175,9221791.733333332
6176,139337330.96666667
6177,68702295.83333333
6178,3568889.1666666665
6179,221070104.3
6180,111481821.56666666
6181,16804739.766666666
6182,381581990.43333334
6183,9366818.566666666
6184,593921948.1333333
6185,11113539.266666668
6186,24689925.5
6187,19272374.333333332
6188,93492478.03333333
6189,46618450.166666664
6190,195665914.73333332
6191,11501905.066666666
6192,143321072.26666668
6193,26481588.766666666
6194,12939330.633333333
6195,3025494.0
6196,84360050.63333334
6197,6047765.333333333
6198,97880346.5
6199,737184331.9333333
6200,6113381.733333333
6201,6420772.5
6202,113585065.13333334
6203,588956852.1666666
6204,14396542.8
6205,2770450.7
6206,44250502.333333336
6207,54822234.96666667
6208,115847722.7
6209,846060.5666666667
6210,5392236.833333333
6211,64331376.666666664
6212,24172274.333333332
6213,102477470.36666666
6214,11233205.2
6215,31669836.733333334
6216,34724556.96666667
6217,3883354.066666667
6218,15747181.866666667
6219,35118642.0
6220,827115.6333333333
6221,20893069.033333335
6222,16616985.1
6223,49694392.5
6224,26779505.733333334
6225,136926136.76666668
6226,37942385.1
6227,10463591.966666667
6228,2031754.4666666666
6229,9792623.533333333
6230,3214131.466666667
6231,68903182.6
6232,4716826.233333333
6233,157606184.86666667
6234,35111135.766666666
6235,40438425.53333333
6236,50352819.833333336
6237,13565263.066666666
6238,46064467.266666666
6239,321842530.26666665
6240,193442159.06666666
6241,7492327.233333333
6242,16676539.766666668
6243,16953482.1
6244,83380657.5
6245,15312408.3
6246,6583412.333333333
6247,408410457.6666667
6248,13988366.833333334
6249,49680398.8
6250,53232350.666666664
6251,53273406.333333336
6252,31894641.1
6253,10897674.233333332
6254,190107747.0
6255,7311017.733333333
6256,17942848.3
6257,71005089.0
6258,8670620.533333333
6259,6852502.9
6260,19104155.733333334
6261,64525877.56666667
6262,17367226.566666666
6263,177925005.93333334
6264,7287446.266666667
6265,38390433.5
6266,6958036.366666666
6267,164913762.3
6268,210726.8
6269,179914957.6
6270,98331674.63333334
6271,229223658.86666667
6272,4138568.966666667
6273,49676809.6
6274,371063096.96666664
6275,21086210.733333334
6276,13844308.3
6277,22824684.633333333
6278,13274221.6
6279,18031766.8
6280,65911938.03333333
6281,14063518.566666666
6282,356454356.8
6283,57502648.2
6284,125590012.86666666
6285,117491078.0
6286,3586270.8666666667
6287,26100013.433333334
6288,106090050.1
6289,169948377.03333333
6290,470659.26666666666
6291,43997129.7
6292,159075486.16666666
6293,590490190.0333333
6294,26532836.033333335
6295,325950519.7
6296,9563157.833333334
6297,61486411.06666667
6298,2353826.1333333333
6299,442652.0333333333
6300,21773673.766666666
6301,24433769.666666668
6302,21258582.666666668
6303,9500201.0
6304,15482654.733333332
6305,149833719.66666666
6306,64061115.166666664
6307,6585700.2
6308,10144532.866666667
6309,7322577.166666667
6310,80205675.76666667
6311,1453419.2
6312,4090949.8
6313,29765232.933333334
6314,33674747.5
6315,20562416.833333332
6316,101035749.16666667
6317,149166400.9
6318,43707731.8
6319,77353157.8
6320,12574252.866666667
6321,66549550.766666666
6322,62092427.36666667
6323,26532072.366666667
6324,5428129.033333333
6325,110684874.0
6326,6643264.333333333
6327,33639383.86666667
6328,31137375.266666666
6329,12554497.6
6330,3097471.8666666667
6331,94575943.5
6332,5500449.7
6333,33767137.53333333
6334,7344246.933333334
6335,125930929.03333333
6336,60468259.63333333
6337,51401950.7
6338,4546782.4
6339,56708600.46666667
6340,9110694.133333333
6341,2048425.2666666666
6342,32188056.933333334
6343,38770322.733333334
6344,102827940.83333333
6345,2834137.3666666667
6346,158495450.76666668
6347,104076920.36666666
6348,33549224.1
6349,101097316.53333333
6350,1499013.0
6351,76872309.1
6352,88143325.86666666
6353,2681385.3333333335
6354,5986139.6
6355,617039.4
6356,42927619.86666667
6357,8042340.766666667
6358,4459591.333333333
6359,13561411.666666666
6360,9950134.733333332
6361,176925618.0
6362,19649195.766666666
6363,14497579.166666666
6364,23527396.2
6365,134251901.3
6366,24311821.433333334
6367,9079547.7
6368,60894972.86666667
6369,46780631.0
6370,173980068.73333332
6371,16020699.7
6372,43147378.166666664
6373,14337192.3
6374,17711330.8
6375,101689503.63333334
6376,10252854.533333333
6377,13775807.0
6378,5068464.8
6379,201654599.96666667
6380,24541634.566666666
6381,324587608.53333336
6382,85731134.6
6383,44506164.3
6384,79144876.33333333
6385,19856204.2
6386,256284971.53333333
6387,24974221.933333334
6388,5054727.133333334
6389,5129963.633333334
6390,62915854.8
6391,8885766.166666666
6392,29614762.166666668
6393,358889823.1666667
6394,178001085.13333333
6395,3941424.533333333
6396,442742.13333333336
6397,14412806.033333333
6398,31840170.933333334
6399,1986350.7666666666
6400,24901708.733333334
6401,2299609.1666666665
6402,15675435.666666666
6403,12271738.133333333
6404,31825235.433333334
6405,12161416.566666666
6406,18661797.0
6407,22568647.633333333
6408,22782948.233333334
6409,82704292.33333333
6410,15571541.466666667
6411,4676192.2
6412,5756680.9
6413,20983847.433333334
6414,487653203.3
6415,3025357.6666666665
6416,16309670.9
6417,96505021.93333334
6418,63579391.46666667
6419,41546262.1
6420,28283709.033333335
6421,46657067.4
6422,5276042.0
6423,42305580.266666666
6424,127228490.5
6425,23455040.666666668
6426,13190119.0
6427,6552339.133333334
6428,2109208.3666666667
6429,27365652.133333333
6430,172274964.3
6431,81714943.23333333
6432,141731484.66666666
6433,46203159.733333334
6434,26786351.533333335
6435,37166692.666666664
6436,51847385.36666667
6437,11301459.633333333
6438,35273259.2
6439,21188428.3
6440,36769124.1
6441,11685505.866666667
6442,4958864.0
6443,17348453.033333335
6444,4969967.866666666
6445,461019663.3333333
6446,266246693.06666666
6447,39647588.4
6448,4906671.066666666
6449,45406242.93333333
6450,6734817.166666667
6451,21238222.266666666
6452,58470976.6
6453,74390126.83333333
6454,61382027.833333336
6455,33528805.3
6456,33452276.733333334
6457,98307165.2
6458,9188084.8
6459,27312879.633333333
6460,105492555.8
6461,128521650.0
6462,155367016.03333333
6463,2837424.566666667
6464,12291863.433333334
6465,23820638.933333334
6466,21324709.7
6467,19161927.866666667
6468,11700232.433333334
6469,10397287.033333333
6470,3084692.3666666667
6471,2755163.6666666665
6472,70730826.4
6473,28049004.266666666
6474,15894715.266666668
6475,2819665.933333333
6476,297767006.03333336
6477,46331522.2
6478,13451606.366666667
6479,411282775.8333333
6480,45955349.0
6481,54166872.166666664
6482,2761401.033333333
6483,2124086.6666666665
6484,117395584.56666666
6485,93720534.26666667
6486,2554730.2333333334
6487,136069245.46666667
6488,33468615.133333333
6489,1771869.9666666666
6490,1781730.7333333334
6491,28701233.8
6492,44369972.333333336
6493,36511509.43333333
6494,111635731.13333334
6495,30407532.933333334
6496,413487959.2
6497,166855609.16666666
6498,48660277.46666667
6499,28326102.2
6500,10135288.266666668
6501,5779243.9
6502,150800603.93333334
6503,24024914.833333332
6504,14147526.333333334
6505,14155127.666666666
6506,29638410.566666666
6507,13781857.033333333
6508,93579823.06666666
6509,5070973.966666667
6510,4753678.7
6511,17718941.7
6512,10818583.866666667
6513,16411917.733333332
6514,12860543.7
6515,281241017.1333333
6516,47867179.166666664
6517,10390913.566666666
6518,25282020.6
6519,100529684.33333333
6520,26368358.266666666
6521,222013768.0
6522,70945708.66666667
6523,113661797.9
6524,19812361.833333332
6525,70793183.96666667
6526,487430976.23333335
6527,32110652.3
6528,12225960.433333334
6529,18155301.4
6530,94538707.63333334
6531,33280531.9
6532,15744387.066666666
6533,10787208.9
6534,346287161.53333336
6535,20217044.9
6536,42641453.46666667
6537,63408808.5
6538,67559212.5
6539,340311899.46666664
6540,98911146.66666667
6541,51343650.56666667
6542,25434791.366666667
6543,1447911.6666666667
6544,67033496.46666667
6545,21717972.266666666
6546,470188665.23333335
6547,8128532.0
6548,65795266.56666667
6549,90843687.63333334
6550,47184050.1
6551,31785540.333333332
6552,33512137.2
6553,4243125.833333333
6554,35691044.766666666
6555,44305638.3
6556,71911657.43333334
6557,14416930.1
6558,115205949.23333333
6559,37182673.93333333
6560,221213810.1
6561,3889252.066666667
6562,87337492.83333333
6563,14502755.766666668
6564,19555903.733333334
6565,23532691.166666668
6566,24892764.566666666
6567,14550358.866666667
6568,41059720.166666664
6569,4127773.6
6570,47818861.46666667
6571,20566512.9
6572,168808.86666666667
6573,19523003.133333333
6574,34341936.6
6575,3735644.0
6576,35543354.2
6577,16057975.0
6578,32962734.2
6579,24280765.1
6580,3317367.7666666666
6581,56029149.46666667
6582,4962404.933333334
6583,2951960.966666667
6584,1553124.1333333333
6585,42952037.2
6586,102150811.33333333
6587,104990462.66666667
6588,6055681.9
6589,51657250.1
6590,129920261.4
6591,17859291.433333334
6592,140848902.13333333
6593,135543642.2
6594,153088661.06666666
6595,9147210.333333334
6596,117172392.13333334
6597,3307003.1
6598,25620739.266666666
6599,33347692.9
6600,44670089.53333333
6601,58533474.36666667
6602,410264230.26666665
6603,102478142.8
6604,50316962.53333333
6605,60934008.46666667
6606,14961082.8
6607,56085682.266666666
6608,2235502.6666666665
6609,35635462.0
6610,49431065.43333333
6611,11811896.733333332
6612,846685545.0333333
6613,41716489.8
6614,237752409.96666667
6615,4287139.533333333
6616,129430922.86666666
6617,70782616.96666667
6618,34580125.6
6619,33662698.56666667
6620,8872152.133333333
6621,43230443.0
6622,59146950.06666667
6623,214397205.0
6624,135764053.56666666
6625,135481175.76666668
6626,56236858.6
6627,100915659.83333333
6628,1981223.7333333334
6629,10112846.5
6630,11890648.633333333
6631,8704731.733333332
6632,6210989.133333334
6633,9470932.366666667
6634,32038630.866666667
6635,4239946.033333333
6636,145018091.8
6637,69305845.53333333
6638,1881881.1333333333
6639,25623646.733333334
6640,23773085.933333334
6641,152203774.23333332
6642,139228185.26666668
6643,15512685.1
6644,5068414.833333333
6645,36991697.833333336
6646,39757258.46666667
6647,1589201.9666666666
6648,60424223.03333333
6649,9309362.166666666
6650,5776014.566666666
6651,38905428.833333336
6652,2273115.7666666666
6653,78118997.2
6654,129070355.13333334
6655,53366777.833333336
6656,18846740.6
6657,82777138.46666667
6658,3363608.2
6659,7784229.7
6660,2497871.7666666666
6661,7250607.266666667
6662,19427556.3
6663,460034921.73333335
6664,15246976.7
6665,4061124.7666666666
6666,29867397.133333333
6667,176238889.83333334
6668,21175188.833333332
6669,18364181.6
6670,10428191.7
6671,25318543.4
6672,33531417.566666666
6673,113741122.86666666
6674,490789814.03333336
6675,80487558.23333333
6676,18234684.2
6677,1057087.9
6678,13043934.8
6679,497746684.3
6680,31179449.133333333
6681,605004919.0666667
6682,131288178.16666667
6683,106971046.8
6684,3391898.7666666666
6685,6884779.133333334
6686,90628002.93333334
6687,98421035.33333333
6688,19523661.0
6689,95643392.7
6690,296027600.1666667
6691,17417125.266666666
6692,334044820.53333336
6693,17290087.566666666
6694,79906051.6
6695,58273427.03333333
6696,114244245.23333333
6697,7473669.2
6698,11906812.3
6699,233656974.06666666
6700,164691904.4
6701,37777440.4
6702,23690513.866666667
6703,7042265.733333333
6704,25778908.9
6705,61199814.4
6706,63201984.86666667
6707,33146321.766666666
6708,53559708.5
6709,2744212.566666667
6710,92585731.83333333
6711,43288404.96666667
6712,93460933.46666667
6713,18698051.266666666
6714,2743948.966666667
6715,10092011.2
6716,50765522.86666667
6717,321840168.0
6718,26381990.1
6719,61984908.5
6720,6281183.533333333
6721,53107645.733333334
6722,3894156.8
6723,98559085.86666666
6724,10992899.966666667
6725,2813235.066666667
6726,101715696.36666666
6727,18376616.433333334
6728,27881227.366666667
6729,17503718.6
6730,58581320.233333334
6731,7713951.133333334
6732,7631297.566666666
6733,248080995.2
6734,14295042.7
6735,83587283.8
6736,13460152.966666667
6737,5527281.933333334
6738,16324797.966666667
6739,16977421.266666666
6740,1103757.7
6741,1679394.4666666666
6742,33024570.8
6743,155777883.16666666
6744,17303652.166666668
6745,53843251.86666667
6746,43752157.166666664
6747,21780764.3
6748,4069213.6333333333
6749,8952166.7
6750,2602403.966666667
6751,10927446.833333334
6752,135866374.76666668
6753,23332519.8
6754,174088222.03333333
6755,11710133.366666667
6756,161772006.23333332
6757,85854132.63333334
6758,21733164.433333334
6759,134562631.93333334
6760,47004830.2
6761,28634969.466666665
6762,3398662.9
6763,23297695.666666668
6764,6825496.466666667
6765,141486213.66666666
6766,1161535.0333333334
6767,31715760.066666666
6768,200375472.66666666
6769,51005703.166666664
6770,15791548.0
6771,13088881.966666667
6772,40309111.2
6773,26158654.2
6774,268359953.33333334
6775,418615170.1
6776,2513912.8333333335
6777,59971453.9
6778,92279773.06666666
6779,71935729.93333334
6780,100311883.56666666
6781,7303271.166666667
6782,114475332.33333333
6783,55636854.9
6784,2222813.533333333
6785,95784358.13333334
6786,14451806.033333333
6787,54093284.666666664
6788,3809790.6666666665
6789,6686762.033333333
6790,26084316.9
6791,53500320.0
6792,376142924.4
6793,66848266.03333333
6794,23040465.1
6795,7642617.6
6796,682174636.7333333
6797,14178516.733333332
6798,28269253.133333333
6799,7720726.466666667
6800,73465517.26666667
6801,261798168.66666666
6802,11344687.0
6803,234377523.16666666
6804,9782785.1
6805,51246501.53333333
6806,5497836.066666666
6807,55366686.666666664
6808,2979988.2
6809,41557251.666666664
6810,21114542.833333332
6811,89868572.7
6812,48519962.333333336
6813,96776509.36666666
6814,7584445.2
6815,43227496.233333334
6816,7628331.166666667
6817,277834.0
6818,1374441.1
6819,81805955.4
6820,46621713.6
6821,50480916.666666664
6822,10128103.866666667
6823,70508723.86666666
6824,125331125.96666667
6825,42568919.166666664
6826,15430493.833333334
6827,13051791.0
6828,3476334.8
6829,2305677.8333333335
6830,31609230.633333333
6831,101852025.9
6832,31409085.233333334
6833,30620348.633333333
6834,14862373.033333333
6835,127831278.0
6836,2991732.433333333
6837,69381036.93333334
6838,6394914.966666667
6839,10706592.2
6840,29592141.2
6841,40519795.53333333
6842,14617083.433333334
6843,9485920.866666667
6844,45428643.03333333
6845,6875623.266666667
6846,85990438.9
6847,5518797.9
6848,46942341.5
6849,11790135.533333333
6850,77391301.43333334
6851,387341534.3
6852,24112677.566666666
6853,9205927.3
6854,60540550.93333333
6855,57822927.5
6856,2936016.5
6857,48262463.5
6858,6149965.166666667
6859,72357129.66666667
6860,13621040.166666666
6861,35511999.06666667
6862,32742560.366666667
6863,261096428.73333332
6864,7783839.566666666
6865,3766846.2333333334
6866,111346645.36666666
6867,52999720.1
6868,970098538.8333334
6869,30038883.233333334
6870,2289305.533333333
6871,91857234.16666667
6872,1915816.7333333334
6873,57110887.3
6874,55889113.7
6875,16148391.6
6876,41460388.0
6877,21044709.466666665
6878,25121762.933333334
6879,26705005.333333332
6880,3414173.466666667
6881,1909389.6666666667
6882,98694006.2
6883,107279571.93333334
6884,46285214.63333333
6885,12487961.033333333
6886,3110756.1666666665
6887,93281471.63333334
6888,103098347.0
6889,9275348.866666667
6890,43786776.13333333
6891,57516132.166666664
6892,147541280.96666667
6893,149598082.16666666
6894,51048255.166666664
6895,4644549.4
6896,24261610.466666665
6897,2935033.933333333
6898,21318014.133333333
6899,25526399.933333334
6900,57304821.833333336
6901,64056826.333333336
6902,20877953.933333334
6903,20359897.2
6904,256518209.06666666
6905,50942868.733333334
6906,103817346.5
6907,36880801.03333333
6908,15392715.266666668
6909,10368075.833333334
6910,20983069.333333332
6911,29782313.433333334
6912,15504440.7
6913,232655586.83333334
6914,416387576.7
6915,13919944.6
6916,31088932.666666668
6917,792427391.0
6918,28054105.266666666
6919,1974344.6
6920,104652551.23333333
6921,276311541.56666666
6922,27614230.066666666
6923,6003727.7
6924,11733424.433333334
6925,17453003.7
6926,18994593.333333332
6927,6962849.066666666
6928,45019442.2
6929,35567447.1
6930,130961344.13333334
6931,24007319.166666668
6932,22681655.6
6933,1413225.9333333333
6934,83882586.4
6935,8700970.0
6936,21848456.4
6937,95928091.23333333
6938,5674506.166666667
6939,50000540.766666666
6940,132060323.9
6941,68019983.76666667
6942,38470867.53333333
6943,6667811.2
6944,122453071.93333334
6945,9879770.333333334
6946,77427005.46666667
6947,21601753.633333333
6948,105206366.6
6949,97667745.6
6950,312000583.96666664
6951,2964473.033333333
6952,13983111.033333333
6953,42029500.56666667
6954,28433479.6
6955,41570864.93333333
6956,23749669.833333332
6957,8598313.4
6958,5648937.633333334
6959,5515917.733333333
6960,24420293.2
6961,28231993.433333334
6962,125137029.4
6963,24368714.733333334
6964,61377900.166666664
6965,14296267.266666668
6966,88830006.8
6967,150408619.46666667
6968,5267341.4
6969,2051500.8666666667
6970,14766361.666666666
6971,85001491.26666667
6972,3901688.7666666666
6973,41228796.6
6974,67248396.36666666
6975,10609765.733333332
6976,67871119.53333333
6977,5517992.033333333
6978,11166303.766666668
6979,64148913.333333336
6980,22708044.0
6981,3902425.6333333333
6982,73454902.26666667
6983,3757499.933333333
6984,75597638.1
6985,230396537.03333333
6986,32698500.166666668
6987,5464180.333333333
6988,74119384.6
6989,22056539.533333335
6990,281229837.1
6991,4722933.466666667
6992,17683379.766666666
6993,1078084.2
6994,5395391.3
6995,40732298.233333334
6996,53442984.36666667
6997,1146168.5666666667
6998,23690271.166666668
6999,125514107.46666667
7000,1164245.0666666667
7001,12568950.3
7002,24733999.5
7003,35221976.63333333
7004,26650790.433333334
7005,5134662.333333333
7006,4172834.2666666666
7007,28930556.9
7008,68750110.2
7009,33153409.833333332
7010,16742218.8
7011,3977114.7
7012,4135654.2
7013,2989831.966666667
7014,3106859.7
7015,150366040.2
7016,324335736.8333333
7017,12270414.2
7018,7428910.266666667
7019,62160877.36666667
7020,26653307.133333333
7021,40603016.36666667
7022,58987223.333333336
7023,72274326.26666667
7024,23819796.3
7025,5848096.7
7026,181065788.83333334
7027,44430160.766666666
7028,5876549.9
7029,147942767.1
7030,60838263.766666666
7031,92643428.6
7032,56101747.233333334
7033,6675369.633333334
7034,118185357.23333333
7035,30666004.433333334
7036,14528571.2
7037,44745618.2
7038,21481129.7
7039,64383988.2
7040,20522971.3
7041,100048200.3
7042,87588277.5
7043,9275191.933333334
7044,11430223.366666667
7045,39910090.1
7046,108410840.8
7047,193139177.96666667
7048,33539763.233333334
7049,37471648.2
7050,1764946.0
7051,43643624.8
7052,46269543.93333333
7053,9358186.633333333
7054,43506559.06666667
7055,108255704.16666667
7056,251281147.76666668
7057,47354087.766666666
7058,16236900.9
7059,23767925.366666667
7060,12135317.233333332
7061,46637326.6
7062,94921645.46666667
7063,4576467.933333334
7064,130576445.23333333
7065,20668817.666666668
7066,2787129.7333333334
7067,643221.8666666667
7068,94887992.86666666
7069,8391578.433333334
7070,146856973.23333332
7071,171178223.36666667
7072,3043677.8
7073,32394084.766666666
7074,13182912.3
7075,40763990.1
7076,63234114.96666667
7077,48657058.5
7078,75327902.36666666
7079,3827534.466666667
7080,12440711.533333333
7081,12668908.666666666
7082,4730437.166666667
7083,12132179.4
7084,38191432.43333333
7085,28802026.1
7086,25774391.7
7087,120417406.06666666
7088,82107216.9
7089,7628248.566666666
7090,15798997.266666668
7091,7185525.633333334
7092,276222317.23333335
7093,67120695.46666667
7094,46921279.43333333
7095,24610222.966666665
7096,30780947.7
7097,115787091.86666666
7098,86107525.23333333
7099,43522521.03333333
7100,18295382.366666667
7101,56293798.93333333
7102,4556187.533333333
7103,9539061.266666668
7104,9835823.933333334
7105,105134590.1
7106,37450471.5
7107,52102198.56666667
7108,10355104.3
7109,51373149.766666666
7110,7463866.4
7111,7283861.4
7112,266000396.63333333
7113,95276114.5
7114,50224354.5
7115,33945695.06666667
7116,12746752.2
7117,10327822.166666666
7118,33196371.666666668
7119,126636920.2
7120,3928555.8
7121,9186714.9
7122,1963084.5
7123,4193093.466666667
7124,391988842.6333333
7125,103749974.2
7126,228373291.76666668
7127,44453670.56666667
7128,16753076.733333332
7129,7909872.966666667
7130,31857730.266666666
7131,34508067.93333333
7132,35768829.63333333
7133,143954326.96666667
7134,90309469.8
7135,98905253.8
7136,52053324.8
7137,30215934.166666668
7138,18581927.533333335
7139,3396081.8333333335
7140,135869829.06666666
7141,9325470.333333334
7142,16221326.133333333
7143,96464414.06666666
7144,8891397.2
7145,33509037.766666666
7146,9607979.3
7147,58558682.03333333
7148,135168845.43333334
7149,6465410.1
7150,5369640.333333333
7151,12222474.2
7152,100995906.8
7153,10391308.133333333
7154,17962075.966666665
7155,172335953.83333334
7156,13460511.133333333
7157,74058798.6
7158,19354790.5
7159,4232401.433333334
7160,5754497.833333333
7161,49192661.0
7162,381436088.1666667
7163,82925161.46666667
7164,8774832.366666667
7165,157080025.1
7166,38999468.1
7167,3909442.7666666666
7168,2191551.8
7169,8845023.2
7170,16868204.833333332
7171,19670476.166666668
7172,16983576.8
7173,16929202.966666665
7174,8001064.033333333
7175,3068215.1666666665
7176,23903561.366666667
7177,76849932.16666667
7178,37408964.0
7179,122322443.83333333
7180,5424966.866666666
7181,6397643.133333334
7182,84669914.4
7183,1600545.9666666666
7184,879687215.8333334
7185,17040466.366666667
7186,49176816.56666667
7187,125105615.76666667
7188,84602937.66666667
7189,26932863.4
7190,4856361.533333333
7191,2662113.1
7192,46213021.166666664
7193,28627834.366666667
7194,397469349.76666665
7195,22950794.466666665
7196,24553352.5
7197,8623404.466666667
7198,12869794.433333334
7199,11592502.866666667
7200,129041635.36666666
7201,6771082.866666666
7202,47774598.13333333
7203,10521861.533333333
7204,85329873.86666666
7205,187246490.36666667
7206,160280494.06666666
7207,480521033.8
7208,27110153.7
7209,10306216.2
7210,1929930.8666666667
7211,3724107.033333333
7212,128564460.96666667
7213,27855487.366666667
7214,190329896.66666666
7215,164816839.83333334
7216,113378056.56666666
7217,3192138.066666667
7218,21361085.933333334
7219,28577569.733333334
7220,95012628.3
7221,26609833.033333335
7222,150640153.53333333
7223,9860259.733333332
7224,12705628.566666666
7225,1445290.8333333333
7226,58895703.7
7227,47758778.7
7228,49132809.2
7229,38784549.4
7230,5392302.366666666
7231,38836620.46666667
7232,285497072.3666667
7233,326348448.3666667
7234,247872634.73333332
7235,33274796.1
7236,68529668.23333333
7237,48551929.666666664
7238,6256533.133333334
7239,717476840.4
7240,35803696.766666666
7241,207038016.3
7242,89375496.03333333
7243,24732724.366666667
7244,71758661.6
7245,3643765.1
7246,4166925.9
7247,166739257.0
7248,43334329.766666666
7249,8276179.366666666
7250,6672498.366666666
7251,36328113.233333334
7252,19987247.566666666
7253,30936761.866666667
7254,88716087.2
7255,7842591.633333334
7256,16825753.7
7257,23648637.533333335
7258,28157766.333333332
7259,9996010.366666667
7260,5722816.533333333
7261,394927736.1666667
7262,233351.0
7263,48355683.0
7264,13020664.9
7265,51108634.3
7266,42343074.13333333
7267,4579630.6
7268,10657040.5
7269,207288702.93333334
7270,292235491.8
7271,12156503.8
7272,54861918.46666667
7273,14846504.266666668
7274,10275666.9
7275,53617492.833333336
7276,1382217.7
7277,119937289.56666666
7278,187150980.56666666
7279,303501619.43333334
7280,132382581.2
7281,76020442.8
7282,52162006.5
7283,276833523.76666665
7284,7335080.133333334
7285,41972422.93333333
7286,223637173.3
7287,13516313.366666667
7288,36985304.8
7289,114762799.4
7290,26154728.766666666
7291,37695942.53333333
7292,2692256.533333333
7293,22123897.433333334
7294,25778480.933333334
7295,77740452.46666667
7296,4098903.533333333
7297,119429029.9
7298,12806265.966666667
7299,6476997.633333334
7300,13442660.466666667
7301,45779866.03333333
7302,7016644.2
7303,5095221.166666667
7304,30070164.1
7305,3709256.566666667
7306,554332164.9333333
7307,2503693.433333333
7308,5492361.2
7309,43081994.8
7310,24722974.6
7311,28007694.7
7312,127696572.03333333
7313,230757540.2
7314,19781206.6
7315,9417267.433333334
7316,8112245.066666666
7317,35784034.13333333
7318,101937799.63333334
7319,11509716.466666667
7320,256230467.66666666
7321,6518840.666666667
7322,9795360.466666667
7323,41138461.5
7324,21913964.766666666
7325,303603518.96666664
7326,198672642.43333334
7327,22850414.866666667
7328,99773543.2
7329,139583549.76666668
7330,256094853.2
7331,100047157.43333334
7332,26315403.066666666
7333,94763760.1
7334,17293967.833333332
7335,60899288.666666664
7336,118526287.5
7337,28356507.333333332
7338,78265358.96666667
7339,71374349.86666666
7340,5048728.9
7341,252550.2
7342,111237738.9
7343,9958603.166666666
7344,1918170.8333333333
7345,7950208.7
7346,52800339.766666666
7347,14240038.766666668
7348,39239052.6
7349,46191974.766666666
7350,23296717.133333333
7351,46541606.13333333
7352,2945959.1333333333
7353,9077704.366666667
7354,1765367.5333333334
7355,44685530.03333333
7356,78915433.23333333
7357,7420534.0
7358,12160641.0
7359,59833040.56666667
7360,32756391.966666665
7361,3819588.7
7362,169251555.93333334
7363,661159924.8666667
7364,2271683.533333333
7365,77544164.63333334
7366,38112577.36666667
7367,18174514.366666667
7368,27864548.033333335
7369,42061156.03333333
7370,100957011.26666667
7371,9643281.566666666
7372,100994236.13333334
7373,316405479.1666667
7374,37095635.56666667
7375,76521555.96666667
7376,5943831.5
7377,39569816.666666664
7378,156919718.7
7379,87680192.66666667
7380,37107058.56666667
7381,16802996.966666665
7382,27495035.733333334
7383,2815668.6
7384,55574603.93333333
7385,27143657.333333332
7386,36794012.1
7387,5787801.633333334
7388,9286552.0
7389,861175.2666666667
7390,3095063.8333333335
7391,10376908.1
7392,34981555.333333336
7393,540514334.7
7394,69080146.96666667
7395,59398168.43333333
7396,84035531.26666667
7397,99575420.43333334
7398,10250901.266666668
